Handle,Title,Body (HTML),Vendor,Product Category,Type,Tags,Published,Option1 Name,Option1 Value,Option1 Linked To,Option2 Name,Option2 Value,Option2 Linked To,Option3 Name,Option3 Value,Option3 Linked To,Variant SKU,Variant Grams,Variant Inventory Tracker,Variant Inventory Qty,Variant Inventory Policy,Variant Fulfillment Service,Variant Price,Variant Compare At Price,Variant Requires Shipping,Variant Taxable,Variant Barcode,Image Src,Image Position,Image Alt Text,Gift Card,SEO Title,SEO Description,Google Shopping / Google Product Category,Google Shopping / Gender,Google Shopping / Age Group,Google Shopping / MPN,Google Shopping / Condition,Google Shopping / Custom Product,Google Shopping / Custom Label 0,Google Shopping / Custom Label 1,Google Shopping / Custom Label 2,Google Shopping / Custom Label 3,Google Shopping / Custom Label 4,Delivery Days (product.metafields.custom.delivery_days),Product Deal (product.metafields.custom.product_deal),product tag 01 (product.metafields.custom.product_tag_01),product tag 02 (product.metafields.custom.product_tag_02),Google: Custom Product (product.metafields.mm-google-shopping.custom_product),Product rating count (product.metafields.reviews.rating_count),Bag/Case material (product.metafields.shopify.bag-case-material),Case type (product.metafields.shopify.case-type),Color (product.metafields.shopify.color-pattern),Mobile phone case features (product.metafields.shopify.mobile-phone-case-features),Complementary products (product.metafields.shopify--discovery--product_recommendation.complementary_products),Related products (product.metafields.shopify--discovery--product_recommendation.related_products),Related products settings (product.metafields.shopify--discovery--product_recommendation.related_products_display),Search product boosts (product.metafields.shopify--discovery--product_search_boost.queries),Variant Image,Variant Weight Unit,Variant Tax Code,Cost per item,Included / Pakistan,Price / Pakistan,Compare At Price / Pakistan,Included / United States,Price / United States,Compare At Price / United States,Status
phonecase-purple-bloom-vivo-y15,Flex Purple Bloom Vivo Y15,"<ul>
<li>
<strong>High-Quality Glossy Finish</strong>: The glossy surface gives a sleek, polished appearance and enhances the colors and details of the design.</li>
<li>
<strong>Durable Protection</strong>: Provides robust protection against scratches, drops, and dust, while maintaining the device's slim profile.</li>
<li>
<strong>Smooth Feel</strong>: The glossy surface is smooth to the touch, adding an elegant, premium feel to the case.</li>
<li>
<strong>Vibrant Colors</strong>: The glossy finish enhances the brightness and vibrancy of printed images, making them stand out.</li>
<li>
<strong>Easy Accessibility</strong>: Precisely cutouts ensure easy access to buttons, ports, and cameras without compromising functionality.</li>
<li>
<strong>Customizable Options</strong>: Available in various styles and colors, allowing for a wide range of personalization to match individual tastes.</li>
</ul>",Flex Shop,Electronics > Communications > Telephony > Mobile & Smart Phone Accessories > Mobile Phone Cases,Mobile Cover,Vivo Y15,true,Flex Purple Bloom Vivo Y15,Default Title,,,,,,,,,0.0,,0,deny,manual,1199.00,1499.00,true,true,,https://cdn.shopify.com/s/files/1/0342/2027/7897/files/PurpleBloom_aa13d42a-8808-43b9-a963-d8a2bb04da8e.jpg?v=1736248334,1,"",false,,,2353,,,,,,,,,,,,,,,,,,,,,,,,,,g,,,true,,,true,,,active
phonecase-purple-butterflies-vivo-y15,Flex Purple Butterflies  Vivo Y15,"<ul>
<li>
<strong>High-Quality Glossy Finish</strong>: The glossy surface gives a sleek, polished appearance and enhances the colors and details of the design.</li>
<li>
<strong>Durable Protection</strong>: Provides robust protection against scratches, drops, and dust, while maintaining the device's slim profile.</li>
<li>
<strong>Smooth Feel</strong>: The glossy surface is smooth to the touch, adding an elegant, premium feel to the case.</li>
<li>
<strong>Vibrant Colors</strong>: The glossy finish enhances the brightness and vibrancy of printed images, making them stand out.</li>
<li>
<strong>Easy Accessibility</strong>: Precisely cutouts ensure easy access to buttons, ports, and cameras without compromising functionality.</li>
<li>
<strong>Customizable Options</strong>: Available in various styles and colors, allowing for a wide range of personalization to match individual tastes.</li>
</ul>",Flex Shop,Electronics > Communications > Telephony > Mobile & Smart Phone Accessories > Mobile Phone Cases,Mobile Cover,Vivo Y15,true,Flex Purple Butterflies  Vivo Y15,Default Title,,,,,,,,,0.0,,0,deny,manual,1199.00,1499.00,true,true,,https://cdn.shopify.com/s/files/1/0342/2027/7897/files/PurpleButterflies_a44bd9f3-6e62-4a58-9190-a0eb2ab9e30f.jpg?v=1736248346,1,"",false,,,2353,,,,,,,,,,,,,,,,,,,,,,,,,,g,,,true,,,true,,,active
phonecase-purple-flames-vivo-y15,Flex Purple Flames Vivo Y15,"<ul>
<li>
<strong>High-Quality Glossy Finish</strong>: The glossy surface gives a sleek, polished appearance and enhances the colors and details of the design.</li>
<li>
<strong>Durable Protection</strong>: Provides robust protection against scratches, drops, and dust, while maintaining the device's slim profile.</li>
<li>
<strong>Smooth Feel</strong>: The glossy surface is smooth to the touch, adding an elegant, premium feel to the case.</li>
<li>
<strong>Vibrant Colors</strong>: The glossy finish enhances the brightness and vibrancy of printed images, making them stand out.</li>
<li>
<strong>Easy Accessibility</strong>: Precisely cutouts ensure easy access to buttons, ports, and cameras without compromising functionality.</li>
<li>
<strong>Customizable Options</strong>: Available in various styles and colors, allowing for a wide range of personalization to match individual tastes.</li>
</ul>",Flex Shop,Electronics > Communications > Telephony > Mobile & Smart Phone Accessories > Mobile Phone Cases,Mobile Cover,Vivo Y15,true,Flex Purple Flames Vivo Y15,Default Title,,,,,,,,,0.0,,0,deny,manual,1199.00,1499.00,true,true,,https://cdn.shopify.com/s/files/1/0342/2027/7897/files/PurpleFlames_05451ea0-473e-40ec-91ba-1655432c80aa.jpg?v=1736248357,1,"",false,,,2353,,,,,,,,,,,,,,,,,,,,,,,,,,g,,,true,,,true,,,active
phonecase-purple-fresh-bloom-vivo-y15,Flex Purple Fresh Bloom Vivo Y15,"<ul>
<li>
<strong>High-Quality Glossy Finish</strong>: The glossy surface gives a sleek, polished appearance and enhances the colors and details of the design.</li>
<li>
<strong>Durable Protection</strong>: Provides robust protection against scratches, drops, and dust, while maintaining the device's slim profile.</li>
<li>
<strong>Smooth Feel</strong>: The glossy surface is smooth to the touch, adding an elegant, premium feel to the case.</li>
<li>
<strong>Vibrant Colors</strong>: The glossy finish enhances the brightness and vibrancy of printed images, making them stand out.</li>
<li>
<strong>Easy Accessibility</strong>: Precisely cutouts ensure easy access to buttons, ports, and cameras without compromising functionality.</li>
<li>
<strong>Customizable Options</strong>: Available in various styles and colors, allowing for a wide range of personalization to match individual tastes.</li>
</ul>",Flex Shop,Electronics > Communications > Telephony > Mobile & Smart Phone Accessories > Mobile Phone Cases,Mobile Cover,Vivo Y15,true,Flex Purple Fresh Bloom Vivo Y15,Default Title,,,,,,,,,0.0,,0,deny,manual,1199.00,1499.00,true,true,,https://cdn.shopify.com/s/files/1/0342/2027/7897/files/PurpleFreshBloom_1cf417d7-e074-434e-ad4d-3c3bc4647d1a.jpg?v=1736248372,1,"",false,,,2353,,,,,,,,,,,,,,,,,,,,,,,,,,g,,,true,,,true,,,active
phonecase-purple-heart-vivo-y15,Flex Purple Heart Vivo Y15,"<ul>
<li>
<strong>High-Quality Glossy Finish</strong>: The glossy surface gives a sleek, polished appearance and enhances the colors and details of the design.</li>
<li>
<strong>Durable Protection</strong>: Provides robust protection against scratches, drops, and dust, while maintaining the device's slim profile.</li>
<li>
<strong>Smooth Feel</strong>: The glossy surface is smooth to the touch, adding an elegant, premium feel to the case.</li>
<li>
<strong>Vibrant Colors</strong>: The glossy finish enhances the brightness and vibrancy of printed images, making them stand out.</li>
<li>
<strong>Easy Accessibility</strong>: Precisely cutouts ensure easy access to buttons, ports, and cameras without compromising functionality.</li>
<li>
<strong>Customizable Options</strong>: Available in various styles and colors, allowing for a wide range of personalization to match individual tastes.</li>
</ul>",Flex Shop,Electronics > Communications > Telephony > Mobile & Smart Phone Accessories > Mobile Phone Cases,Mobile Cover,Vivo Y15,true,Flex Purple Heart Vivo Y15,Default Title,,,,,,,,,0.0,,0,deny,manual,1199.00,1499.00,true,true,,https://cdn.shopify.com/s/files/1/0342/2027/7897/files/PurpleHeart_7986cb98-5ac2-43dd-bab1-27969f74df7a.jpg?v=1736248383,1,"",false,,,2353,,,,,,,,,,,,,,,,,,,,,,,,,,g,,,true,,,true,,,active
phonecase-purple-leopard-vivo-y15,Flex Purple Leopard Vivo Y15,"<ul>
<li>
<strong>High-Quality Glossy Finish</strong>: The glossy surface gives a sleek, polished appearance and enhances the colors and details of the design.</li>
<li>
<strong>Durable Protection</strong>: Provides robust protection against scratches, drops, and dust, while maintaining the device's slim profile.</li>
<li>
<strong>Smooth Feel</strong>: The glossy surface is smooth to the touch, adding an elegant, premium feel to the case.</li>
<li>
<strong>Vibrant Colors</strong>: The glossy finish enhances the brightness and vibrancy of printed images, making them stand out.</li>
<li>
<strong>Easy Accessibility</strong>: Precisely cutouts ensure easy access to buttons, ports, and cameras without compromising functionality.</li>
<li>
<strong>Customizable Options</strong>: Available in various styles and colors, allowing for a wide range of personalization to match individual tastes.</li>
</ul>",Flex Shop,Electronics > Communications > Telephony > Mobile & Smart Phone Accessories > Mobile Phone Cases,Mobile Cover,Vivo Y15,true,Flex Purple Leopard Vivo Y15,Default Title,,,,,,,,,0.0,,0,deny,manual,1199.00,1499.00,true,true,,https://cdn.shopify.com/s/files/1/0342/2027/7897/files/PurpleLeopard_857f6e33-490f-429d-97a4-6a4462eaa705.jpg?v=1736248394,1,"",false,,,2353,,,,,,,,,,,,,,,,,,,,,,,,,,g,,,true,,,true,,,active
phonecase-purple-mini-heart-vivo-y15,Flex Purple Mini Heart Vivo Y15,"<ul>
<li>
<strong>High-Quality Glossy Finish</strong>: The glossy surface gives a sleek, polished appearance and enhances the colors and details of the design.</li>
<li>
<strong>Durable Protection</strong>: Provides robust protection against scratches, drops, and dust, while maintaining the device's slim profile.</li>
<li>
<strong>Smooth Feel</strong>: The glossy surface is smooth to the touch, adding an elegant, premium feel to the case.</li>
<li>
<strong>Vibrant Colors</strong>: The glossy finish enhances the brightness and vibrancy of printed images, making them stand out.</li>
<li>
<strong>Easy Accessibility</strong>: Precisely cutouts ensure easy access to buttons, ports, and cameras without compromising functionality.</li>
<li>
<strong>Customizable Options</strong>: Available in various styles and colors, allowing for a wide range of personalization to match individual tastes.</li>
</ul>",Flex Shop,Electronics > Communications > Telephony > Mobile & Smart Phone Accessories > Mobile Phone Cases,Mobile Cover,Vivo Y15,true,Flex Purple Mini Heart Vivo Y15,Default Title,,,,,,,,,0.0,,0,deny,manual,1199.00,1499.00,true,true,,https://cdn.shopify.com/s/files/1/0342/2027/7897/files/PurpleMiniHeart_24fcc324-de06-4524-80ab-24d23eae6416.jpg?v=1736248406,1,"",false,,,2353,,,,,,,,,,,,,,,,,,,,,,,,,,g,,,true,,,true,,,active
phonecase-purple-moo-moo-vivo-y15,Flex Purple Moo Moo Vivo Y15,"<ul>
<li>
<strong>High-Quality Glossy Finish</strong>: The glossy surface gives a sleek, polished appearance and enhances the colors and details of the design.</li>
<li>
<strong>Durable Protection</strong>: Provides robust protection against scratches, drops, and dust, while maintaining the device's slim profile.</li>
<li>
<strong>Smooth Feel</strong>: The glossy surface is smooth to the touch, adding an elegant, premium feel to the case.</li>
<li>
<strong>Vibrant Colors</strong>: The glossy finish enhances the brightness and vibrancy of printed images, making them stand out.</li>
<li>
<strong>Easy Accessibility</strong>: Precisely cutouts ensure easy access to buttons, ports, and cameras without compromising functionality.</li>
<li>
<strong>Customizable Options</strong>: Available in various styles and colors, allowing for a wide range of personalization to match individual tastes.</li>
</ul>",Flex Shop,Electronics > Communications > Telephony > Mobile & Smart Phone Accessories > Mobile Phone Cases,Mobile Cover,Vivo Y15,true,Flex Purple Moo Moo Vivo Y15,Default Title,,,,,,,,,0.0,,0,deny,manual,1199.00,1499.00,true,true,,https://cdn.shopify.com/s/files/1/0342/2027/7897/files/PurpleMooMoo_2b80b409-d068-481d-9d29-f1245b8cebad.jpg?v=1736248417,1,"",false,,,2353,,,,,,,,,,,,,,,,,,,,,,,,,,g,,,true,,,true,,,active
phonecase-red-aura-heart-vivo-y15,Flex Red Aura Heart Vivo Y15,"<ul>
<li>
<strong>High-Quality Glossy Finish</strong>: The glossy surface gives a sleek, polished appearance and enhances the colors and details of the design.</li>
<li>
<strong>Durable Protection</strong>: Provides robust protection against scratches, drops, and dust, while maintaining the device's slim profile.</li>
<li>
<strong>Smooth Feel</strong>: The glossy surface is smooth to the touch, adding an elegant, premium feel to the case.</li>
<li>
<strong>Vibrant Colors</strong>: The glossy finish enhances the brightness and vibrancy of printed images, making them stand out.</li>
<li>
<strong>Easy Accessibility</strong>: Precisely cutouts ensure easy access to buttons, ports, and cameras without compromising functionality.</li>
<li>
<strong>Customizable Options</strong>: Available in various styles and colors, allowing for a wide range of personalization to match individual tastes.</li>
</ul>",Flex Shop,Electronics > Communications > Telephony > Mobile & Smart Phone Accessories > Mobile Phone Cases,Mobile Cover,Vivo Y15,true,Flex Red Aura Heart Vivo Y15,Default Title,,,,,,,,,0.0,,0,deny,manual,1199.00,1499.00,true,true,,https://cdn.shopify.com/s/files/1/0342/2027/7897/files/RedAuraHeart_4858d1f7-5fca-4bfe-ab18-a5ad25bdca8c.jpg?v=1736248552,1,"",false,,,2353,,,,,,,,,,,,,,,,,,,,,,,,,,g,,,true,,,true,,,active
phonecase-red-checkered-vivo-y15,Flex Red Checkered Vivo Y15,"<ul>
<li>
<strong>High-Quality Glossy Finish</strong>: The glossy surface gives a sleek, polished appearance and enhances the colors and details of the design.</li>
<li>
<strong>Durable Protection</strong>: Provides robust protection against scratches, drops, and dust, while maintaining the device's slim profile.</li>
<li>
<strong>Smooth Feel</strong>: The glossy surface is smooth to the touch, adding an elegant, premium feel to the case.</li>
<li>
<strong>Vibrant Colors</strong>: The glossy finish enhances the brightness and vibrancy of printed images, making them stand out.</li>
<li>
<strong>Easy Accessibility</strong>: Precisely cutouts ensure easy access to buttons, ports, and cameras without compromising functionality.</li>
<li>
<strong>Customizable Options</strong>: Available in various styles and colors, allowing for a wide range of personalization to match individual tastes.</li>
</ul>",Flex Shop,Electronics > Communications > Telephony > Mobile & Smart Phone Accessories > Mobile Phone Cases,Mobile Cover,Vivo Y15,true,Flex Red Checkered Vivo Y15,Default Title,,,,,,,,,0.0,,0,deny,manual,1199.00,1499.00,true,true,,https://cdn.shopify.com/s/files/1/0342/2027/7897/files/RedCheckered_56beac92-372b-4ee1-890c-bdd55d9e141e.jpg?v=1736248577,1,"",false,,,2353,,,,,,,,,,,,,,,,,,,,,,,,,,g,,,true,,,true,,,active
phonecase-red-flames-vivo-y15,Flex Red Flames Vivo Y15,"<ul>
<li>
<strong>High-Quality Glossy Finish</strong>: The glossy surface gives a sleek, polished appearance and enhances the colors and details of the design.</li>
<li>
<strong>Durable Protection</strong>: Provides robust protection against scratches, drops, and dust, while maintaining the device's slim profile.</li>
<li>
<strong>Smooth Feel</strong>: The glossy surface is smooth to the touch, adding an elegant, premium feel to the case.</li>
<li>
<strong>Vibrant Colors</strong>: The glossy finish enhances the brightness and vibrancy of printed images, making them stand out.</li>
<li>
<strong>Easy Accessibility</strong>: Precisely cutouts ensure easy access to buttons, ports, and cameras without compromising functionality.</li>
<li>
<strong>Customizable Options</strong>: Available in various styles and colors, allowing for a wide range of personalization to match individual tastes.</li>
</ul>",Flex Shop,Electronics > Communications > Telephony > Mobile & Smart Phone Accessories > Mobile Phone Cases,Mobile Cover,Vivo Y15,true,Flex Red Flames Vivo Y15,Default Title,,,,,,,,,0.0,,0,deny,manual,1199.00,1499.00,true,true,,https://cdn.shopify.com/s/files/1/0342/2027/7897/files/RedFlames_386a926c-49d2-433f-8697-6d1a56370210.jpg?v=1736248588,1,"",false,,,2353,,,,,,,,,,,,,,,,,,,,,,,,,,g,,,true,,,true,,,active
phonecase-red-heart-vivo-y15,Flex Red Heart Vivo Y15,"<ul>
<li>
<strong>High-Quality Glossy Finish</strong>: The glossy surface gives a sleek, polished appearance and enhances the colors and details of the design.</li>
<li>
<strong>Durable Protection</strong>: Provides robust protection against scratches, drops, and dust, while maintaining the device's slim profile.</li>
<li>
<strong>Smooth Feel</strong>: The glossy surface is smooth to the touch, adding an elegant, premium feel to the case.</li>
<li>
<strong>Vibrant Colors</strong>: The glossy finish enhances the brightness and vibrancy of printed images, making them stand out.</li>
<li>
<strong>Easy Accessibility</strong>: Precisely cutouts ensure easy access to buttons, ports, and cameras without compromising functionality.</li>
<li>
<strong>Customizable Options</strong>: Available in various styles and colors, allowing for a wide range of personalization to match individual tastes.</li>
</ul>",Flex Shop,Electronics > Communications > Telephony > Mobile & Smart Phone Accessories > Mobile Phone Cases,Mobile Cover,Vivo Y15,true,Flex Red Heart Vivo Y15,Default Title,,,,,,,,,0.0,,0,deny,manual,1199.00,1499.00,true,true,,https://cdn.shopify.com/s/files/1/0342/2027/7897/files/RedHeart_7f0de6e3-c4d3-4969-8ce1-7652ddf8df99.jpg?v=1736248603,1,"",false,,,2353,,,,,,,,,,,,,,,,,,,,,,,,,,g,,,true,,,true,,,active
phonecase-red-plaid-vivo-y15,Flex Red Plaid Vivo Y15,"<ul>
<li>
<strong>High-Quality Glossy Finish</strong>: The glossy surface gives a sleek, polished appearance and enhances the colors and details of the design.</li>
<li>
<strong>Durable Protection</strong>: Provides robust protection against scratches, drops, and dust, while maintaining the device's slim profile.</li>
<li>
<strong>Smooth Feel</strong>: The glossy surface is smooth to the touch, adding an elegant, premium feel to the case.</li>
<li>
<strong>Vibrant Colors</strong>: The glossy finish enhances the brightness and vibrancy of printed images, making them stand out.</li>
<li>
<strong>Easy Accessibility</strong>: Precisely cutouts ensure easy access to buttons, ports, and cameras without compromising functionality.</li>
<li>
<strong>Customizable Options</strong>: Available in various styles and colors, allowing for a wide range of personalization to match individual tastes.</li>
</ul>",Flex Shop,Electronics > Communications > Telephony > Mobile & Smart Phone Accessories > Mobile Phone Cases,Mobile Cover,Vivo Y15,true,Flex Red Plaid Vivo Y15,Default Title,,,,,,,,,0.0,,0,deny,manual,1199.00,1499.00,true,true,,https://cdn.shopify.com/s/files/1/0342/2027/7897/files/RedPlaid_6d3bef17-f9cb-4c17-9c93-afe041f91b7b.jpg?v=1736248613,1,"",false,,,2353,,,,,,,,,,,,,,,,,,,,,,,,,,g,,,true,,,true,,,active
phonecase-retro-floral-vivo-y15,Flex Retro Floral  Vivo Y15,"<ul>
<li>
<strong>High-Quality Glossy Finish</strong>: The glossy surface gives a sleek, polished appearance and enhances the colors and details of the design.</li>
<li>
<strong>Durable Protection</strong>: Provides robust protection against scratches, drops, and dust, while maintaining the device's slim profile.</li>
<li>
<strong>Smooth Feel</strong>: The glossy surface is smooth to the touch, adding an elegant, premium feel to the case.</li>
<li>
<strong>Vibrant Colors</strong>: The glossy finish enhances the brightness and vibrancy of printed images, making them stand out.</li>
<li>
<strong>Easy Accessibility</strong>: Precisely cutouts ensure easy access to buttons, ports, and cameras without compromising functionality.</li>
<li>
<strong>Customizable Options</strong>: Available in various styles and colors, allowing for a wide range of personalization to match individual tastes.</li>
</ul>",Flex Shop,Electronics > Communications > Telephony > Mobile & Smart Phone Accessories > Mobile Phone Cases,Mobile Cover,Vivo Y15,true,Flex Retro Floral  Vivo Y15,Default Title,,,,,,,,,0.0,,0,deny,manual,1199.00,1499.00,true,true,,https://cdn.shopify.com/s/files/1/0342/2027/7897/files/RetroFloral_6a8b2963-61b3-4853-9882-92c36560b281.jpg?v=1736248626,1,"",false,,,2353,,,,,,,,,,,,,,,,,,,,,,,,,,g,,,true,,,true,,,active
phonecase-retro-pink-daisy-vivo-y15,Flex Retro Pink Daisy Vivo Y15,"<ul>
<li>
<strong>High-Quality Glossy Finish</strong>: The glossy surface gives a sleek, polished appearance and enhances the colors and details of the design.</li>
<li>
<strong>Durable Protection</strong>: Provides robust protection against scratches, drops, and dust, while maintaining the device's slim profile.</li>
<li>
<strong>Smooth Feel</strong>: The glossy surface is smooth to the touch, adding an elegant, premium feel to the case.</li>
<li>
<strong>Vibrant Colors</strong>: The glossy finish enhances the brightness and vibrancy of printed images, making them stand out.</li>
<li>
<strong>Easy Accessibility</strong>: Precisely cutouts ensure easy access to buttons, ports, and cameras without compromising functionality.</li>
<li>
<strong>Customizable Options</strong>: Available in various styles and colors, allowing for a wide range of personalization to match individual tastes.</li>
</ul>",Flex Shop,Electronics > Communications > Telephony > Mobile & Smart Phone Accessories > Mobile Phone Cases,Mobile Cover,Vivo Y15,true,Flex Retro Pink Daisy Vivo Y15,Default Title,,,,,,,,,0.0,,0,deny,manual,1199.00,1499.00,true,true,,https://cdn.shopify.com/s/files/1/0342/2027/7897/files/RetroPinkDaisy_4ac01da6-afd0-49bc-a4a3-9d14872f928c.jpg?v=1736248639,1,"",false,,,2353,,,,,,,,,,,,,,,,,,,,,,,,,,g,,,true,,,true,,,active
phonecase-retro-smilies-vivo-y15,Flex Retro Smilies Vivo Y15,"<ul>
<li>
<strong>High-Quality Glossy Finish</strong>: The glossy surface gives a sleek, polished appearance and enhances the colors and details of the design.</li>
<li>
<strong>Durable Protection</strong>: Provides robust protection against scratches, drops, and dust, while maintaining the device's slim profile.</li>
<li>
<strong>Smooth Feel</strong>: The glossy surface is smooth to the touch, adding an elegant, premium feel to the case.</li>
<li>
<strong>Vibrant Colors</strong>: The glossy finish enhances the brightness and vibrancy of printed images, making them stand out.</li>
<li>
<strong>Easy Accessibility</strong>: Precisely cutouts ensure easy access to buttons, ports, and cameras without compromising functionality.</li>
<li>
<strong>Customizable Options</strong>: Available in various styles and colors, allowing for a wide range of personalization to match individual tastes.</li>
</ul>",Flex Shop,Electronics > Communications > Telephony > Mobile & Smart Phone Accessories > Mobile Phone Cases,Mobile Cover,Vivo Y15,true,Flex Retro Smilies Vivo Y15,Default Title,,,,,,,,,0.0,,0,deny,manual,1199.00,1499.00,true,true,,https://cdn.shopify.com/s/files/1/0342/2027/7897/files/RetroSmilies_00f7bd17-6a96-401d-b77f-de14b380728e.jpg?v=1736248650,1,"",false,,,2353,,,,,,,,,,,,,,,,,,,,,,,,,,g,,,true,,,true,,,active
phonecase-roses-vivo-y15,Flex Roses Vivo Y15,"<ul>
<li>
<strong>High-Quality Glossy Finish</strong>: The glossy surface gives a sleek, polished appearance and enhances the colors and details of the design.</li>
<li>
<strong>Durable Protection</strong>: Provides robust protection against scratches, drops, and dust, while maintaining the device's slim profile.</li>
<li>
<strong>Smooth Feel</strong>: The glossy surface is smooth to the touch, adding an elegant, premium feel to the case.</li>
<li>
<strong>Vibrant Colors</strong>: The glossy finish enhances the brightness and vibrancy of printed images, making them stand out.</li>
<li>
<strong>Easy Accessibility</strong>: Precisely cutouts ensure easy access to buttons, ports, and cameras without compromising functionality.</li>
<li>
<strong>Customizable Options</strong>: Available in various styles and colors, allowing for a wide range of personalization to match individual tastes.</li>
</ul>",Flex Shop,Electronics > Communications > Telephony > Mobile & Smart Phone Accessories > Mobile Phone Cases,Mobile Cover,Vivo Y15,true,Flex Roses Vivo Y15,Default Title,,,,,,,,,0.0,,0,deny,manual,1199.00,1499.00,true,true,,https://cdn.shopify.com/s/files/1/0342/2027/7897/files/Roses_b0c5780a-09d1-4199-9c7e-6f1557e64333.jpg?v=1736248660,1,"",false,,,2353,,,,,,,,,,,,,,,,,,,,,,,,,,g,,,true,,,true,,,active
phonecase-sage-green-argyle-vivo-y15,Flex Sage Green Argyle Vivo Y15,"<ul>
<li>
<strong>High-Quality Glossy Finish</strong>: The glossy surface gives a sleek, polished appearance and enhances the colors and details of the design.</li>
<li>
<strong>Durable Protection</strong>: Provides robust protection against scratches, drops, and dust, while maintaining the device's slim profile.</li>
<li>
<strong>Smooth Feel</strong>: The glossy surface is smooth to the touch, adding an elegant, premium feel to the case.</li>
<li>
<strong>Vibrant Colors</strong>: The glossy finish enhances the brightness and vibrancy of printed images, making them stand out.</li>
<li>
<strong>Easy Accessibility</strong>: Precisely cutouts ensure easy access to buttons, ports, and cameras without compromising functionality.</li>
<li>
<strong>Customizable Options</strong>: Available in various styles and colors, allowing for a wide range of personalization to match individual tastes.</li>
</ul>",Flex Shop,Electronics > Communications > Telephony > Mobile & Smart Phone Accessories > Mobile Phone Cases,Mobile Cover,Vivo Y15,true,Flex Sage Green Argyle Vivo Y15,Default Title,,,,,,,,,0.0,,0,deny,manual,1199.00,1499.00,true,true,,https://cdn.shopify.com/s/files/1/0342/2027/7897/files/SageGreenArgyle_b18bd774-9fb7-4d01-90ee-315bc281aa33.jpg?v=1736248673,1,"",false,,,2353,,,,,,,,,,,,,,,,,,,,,,,,,,g,,,true,,,true,,,active
phonecase-social-media-vivo-y15,Flex Social Media Vivo Y15,"<ul>
<li>
<strong>High-Quality Glossy Finish</strong>: The glossy surface gives a sleek, polished appearance and enhances the colors and details of the design.</li>
<li>
<strong>Durable Protection</strong>: Provides robust protection against scratches, drops, and dust, while maintaining the device's slim profile.</li>
<li>
<strong>Smooth Feel</strong>: The glossy surface is smooth to the touch, adding an elegant, premium feel to the case.</li>
<li>
<strong>Vibrant Colors</strong>: The glossy finish enhances the brightness and vibrancy of printed images, making them stand out.</li>
<li>
<strong>Easy Accessibility</strong>: Precisely cutouts ensure easy access to buttons, ports, and cameras without compromising functionality.</li>
<li>
<strong>Customizable Options</strong>: Available in various styles and colors, allowing for a wide range of personalization to match individual tastes.</li>
</ul>",Flex Shop,Electronics > Communications > Telephony > Mobile & Smart Phone Accessories > Mobile Phone Cases,Mobile Cover,Vivo Y15,true,Flex Social Media Vivo Y15,Default Title,,,,,,,,,0.0,,0,deny,manual,1199.00,1499.00,true,true,,https://cdn.shopify.com/s/files/1/0342/2027/7897/files/SocialMedia_67045689-e6e3-4eeb-b449-d35e55d5ef53.jpg?v=1736252707,1,"",false,,,2353,,,,,,,,,,,,,,,,,,,,,,,,,,g,,,true,,,true,,,active
phonecase-smiley-flower-vivo-y15,Flex Smiley Flower Vivo Y15,"<ul>
<li>
<strong>High-Quality Glossy Finish</strong>: The glossy surface gives a sleek, polished appearance and enhances the colors and details of the design.</li>
<li>
<strong>Durable Protection</strong>: Provides robust protection against scratches, drops, and dust, while maintaining the device's slim profile.</li>
<li>
<strong>Smooth Feel</strong>: The glossy surface is smooth to the touch, adding an elegant, premium feel to the case.</li>
<li>
<strong>Vibrant Colors</strong>: The glossy finish enhances the brightness and vibrancy of printed images, making them stand out.</li>
<li>
<strong>Easy Accessibility</strong>: Precisely cutouts ensure easy access to buttons, ports, and cameras without compromising functionality.</li>
<li>
<strong>Customizable Options</strong>: Available in various styles and colors, allowing for a wide range of personalization to match individual tastes.</li>
</ul>",Flex Shop,Electronics > Communications > Telephony > Mobile & Smart Phone Accessories > Mobile Phone Cases,Mobile Cover,Vivo Y15,true,Flex Smiley Flower Vivo Y15,Default Title,,,,,,,,,0.0,,0,deny,manual,1199.00,1499.00,true,true,,https://cdn.shopify.com/s/files/1/0342/2027/7897/files/SmileyFlower_9b51b7bc-4e18-4a8b-891c-0352cd5a5255.jpg?v=1736253255,1,"",false,,,2353,,,,,,,,,,,,,,,,,,,,,,,,,,g,,,true,,,true,,,active
phonecase-sprinkle-daisy-vivo-y15,Flex Sprinkle Daisy Vivo Y15,"<ul>
<li>
<strong>High-Quality Glossy Finish</strong>: The glossy surface gives a sleek, polished appearance and enhances the colors and details of the design.</li>
<li>
<strong>Durable Protection</strong>: Provides robust protection against scratches, drops, and dust, while maintaining the device's slim profile.</li>
<li>
<strong>Smooth Feel</strong>: The glossy surface is smooth to the touch, adding an elegant, premium feel to the case.</li>
<li>
<strong>Vibrant Colors</strong>: The glossy finish enhances the brightness and vibrancy of printed images, making them stand out.</li>
<li>
<strong>Easy Accessibility</strong>: Precisely cutouts ensure easy access to buttons, ports, and cameras without compromising functionality.</li>
<li>
<strong>Customizable Options</strong>: Available in various styles and colors, allowing for a wide range of personalization to match individual tastes.</li>
</ul>",Flex Shop,Electronics > Communications > Telephony > Mobile & Smart Phone Accessories > Mobile Phone Cases,Mobile Cover,Vivo Y15,true,Flex Sprinkle Daisy Vivo Y15,Default Title,,,,,,,,,0.0,,0,deny,manual,1199.00,1499.00,true,true,,https://cdn.shopify.com/s/files/1/0342/2027/7897/files/SprinkleDaisy_2be2c545-7cb1-417b-81af-5d6a0351738a.jpg?v=1736253279,1,"",false,,,2353,,,,,,,,,,,,,,,,,,,,,,,,,,g,,,true,,,true,,,active
phonecase-starry-night-van-gogh-vivo-y15,Flex Starry Night (Van Gogh) Vivo Y15,"<ul>
<li>
<strong>High-Quality Glossy Finish</strong>: The glossy surface gives a sleek, polished appearance and enhances the colors and details of the design.</li>
<li>
<strong>Durable Protection</strong>: Provides robust protection against scratches, drops, and dust, while maintaining the device's slim profile.</li>
<li>
<strong>Smooth Feel</strong>: The glossy surface is smooth to the touch, adding an elegant, premium feel to the case.</li>
<li>
<strong>Vibrant Colors</strong>: The glossy finish enhances the brightness and vibrancy of printed images, making them stand out.</li>
<li>
<strong>Easy Accessibility</strong>: Precisely cutouts ensure easy access to buttons, ports, and cameras without compromising functionality.</li>
<li>
<strong>Customizable Options</strong>: Available in various styles and colors, allowing for a wide range of personalization to match individual tastes.</li>
</ul>",Flex Shop,Electronics > Communications > Telephony > Mobile & Smart Phone Accessories > Mobile Phone Cases,Mobile Cover,Vivo Y15,true,Flex Starry Night (Van Gogh) Vivo Y15,Default Title,,,,,,,,,0.0,,0,deny,manual,1199.00,1499.00,true,true,,https://cdn.shopify.com/s/files/1/0342/2027/7897/files/StarryNight_VanGogh_46b77f22-19c4-44cb-a5c5-c72a1d8162ad.jpg?v=1736253295,1,"",false,,,2353,,,,,,,,,,,,,,,,,,,,,,,,,,g,,,true,,,true,,,active
phonecase-strawberry-pattern-vivo-y15,Flex Strawberry Pattern Vivo Y15,"<ul>
<li>
<strong>High-Quality Glossy Finish</strong>: The glossy surface gives a sleek, polished appearance and enhances the colors and details of the design.</li>
<li>
<strong>Durable Protection</strong>: Provides robust protection against scratches, drops, and dust, while maintaining the device's slim profile.</li>
<li>
<strong>Smooth Feel</strong>: The glossy surface is smooth to the touch, adding an elegant, premium feel to the case.</li>
<li>
<strong>Vibrant Colors</strong>: The glossy finish enhances the brightness and vibrancy of printed images, making them stand out.</li>
<li>
<strong>Easy Accessibility</strong>: Precisely cutouts ensure easy access to buttons, ports, and cameras without compromising functionality.</li>
<li>
<strong>Customizable Options</strong>: Available in various styles and colors, allowing for a wide range of personalization to match individual tastes.</li>
</ul>",Flex Shop,Electronics > Communications > Telephony > Mobile & Smart Phone Accessories > Mobile Phone Cases,Mobile Cover,Vivo Y15,true,Flex Strawberry Pattern Vivo Y15,Default Title,,,,,,,,,0.0,,0,deny,manual,1199.00,1499.00,true,true,,https://cdn.shopify.com/s/files/1/0342/2027/7897/files/StrawberryPattern_0d71c26e-ae11-435b-9439-2061cdbf3e54.jpg?v=1736253317,1,"",false,,,2353,,,,,,,,,,,,,,,,,,,,,,,,,,g,,,true,,,true,,,active
phonecase-sun-moon-matching-vivo-y15,Flex Sun & Moon Matching Vivo Y15,"<ul>
<li>
<strong>High-Quality Glossy Finish</strong>: The glossy surface gives a sleek, polished appearance and enhances the colors and details of the design.</li>
<li>
<strong>Durable Protection</strong>: Provides robust protection against scratches, drops, and dust, while maintaining the device's slim profile.</li>
<li>
<strong>Smooth Feel</strong>: The glossy surface is smooth to the touch, adding an elegant, premium feel to the case.</li>
<li>
<strong>Vibrant Colors</strong>: The glossy finish enhances the brightness and vibrancy of printed images, making them stand out.</li>
<li>
<strong>Easy Accessibility</strong>: Precisely cutouts ensure easy access to buttons, ports, and cameras without compromising functionality.</li>
<li>
<strong>Customizable Options</strong>: Available in various styles and colors, allowing for a wide range of personalization to match individual tastes.</li>
</ul>",Flex Shop,Electronics > Communications > Telephony > Mobile & Smart Phone Accessories > Mobile Phone Cases,Mobile Cover,Vivo Y15,true,Flex Sun & Moon Matching Vivo Y15,Default Title,,,,,,,,,0.0,,0,deny,manual,1199.00,1499.00,true,true,,https://cdn.shopify.com/s/files/1/0342/2027/7897/files/Sun_MoonMatching_824b189d-a146-444f-aca4-d519324c86bd.jpg?v=1736253333,1,"",false,,,2353,,,,,,,,,,,,,,,,,,,,,,,,,,g,,,true,,,true,,,active
phonecase-supposed-to-be-vivo-y15,Flex Supposed To Be Vivo Y15,"<ul>
<li>
<strong>High-Quality Glossy Finish</strong>: The glossy surface gives a sleek, polished appearance and enhances the colors and details of the design.</li>
<li>
<strong>Durable Protection</strong>: Provides robust protection against scratches, drops, and dust, while maintaining the device's slim profile.</li>
<li>
<strong>Smooth Feel</strong>: The glossy surface is smooth to the touch, adding an elegant, premium feel to the case.</li>
<li>
<strong>Vibrant Colors</strong>: The glossy finish enhances the brightness and vibrancy of printed images, making them stand out.</li>
<li>
<strong>Easy Accessibility</strong>: Precisely cutouts ensure easy access to buttons, ports, and cameras without compromising functionality.</li>
<li>
<strong>Customizable Options</strong>: Available in various styles and colors, allowing for a wide range of personalization to match individual tastes.</li>
</ul>",Flex Shop,Electronics > Communications > Telephony > Mobile & Smart Phone Accessories > Mobile Phone Cases,Mobile Cover,Vivo Y15,true,Flex Supposed To Be Vivo Y15,Default Title,,,,,,,,,0.0,,0,deny,manual,1199.00,1499.00,true,true,,https://cdn.shopify.com/s/files/1/0342/2027/7897/files/SupposedToBe_80d134fb-4146-4d7a-b816-b492278c63ca.jpg?v=1736253348,1,"",false,,,2353,,,,,,,,,,,,,,,,,,,,,,,,,,g,,,true,,,true,,,active
phonecase-to-be-kind-vivo-y15,Flex To Be Kind  Vivo Y15,"<ul>
<li>
<strong>High-Quality Glossy Finish</strong>: The glossy surface gives a sleek, polished appearance and enhances the colors and details of the design.</li>
<li>
<strong>Durable Protection</strong>: Provides robust protection against scratches, drops, and dust, while maintaining the device's slim profile.</li>
<li>
<strong>Smooth Feel</strong>: The glossy surface is smooth to the touch, adding an elegant, premium feel to the case.</li>
<li>
<strong>Vibrant Colors</strong>: The glossy finish enhances the brightness and vibrancy of printed images, making them stand out.</li>
<li>
<strong>Easy Accessibility</strong>: Precisely cutouts ensure easy access to buttons, ports, and cameras without compromising functionality.</li>
<li>
<strong>Customizable Options</strong>: Available in various styles and colors, allowing for a wide range of personalization to match individual tastes.</li>
</ul>",Flex Shop,Electronics > Communications > Telephony > Mobile & Smart Phone Accessories > Mobile Phone Cases,Mobile Cover,Vivo Y15,true,Flex To Be Kind  Vivo Y15,Default Title,,,,,,,,,0.0,,0,deny,manual,1199.00,1499.00,true,true,,https://cdn.shopify.com/s/files/1/0342/2027/7897/files/ToBeKind_b56d1e9c-084f-4a01-93ac-3110516f32f5.jpg?v=1736253361,1,"",false,,,2353,,,,,,,,,,,,,,,,,,,,,,,,,,g,,,true,,,true,,,active
phonecase-to-my-heart-vivo-y15,Flex To My Heart Vivo Y15,"<ul>
<li>
<strong>High-Quality Glossy Finish</strong>: The glossy surface gives a sleek, polished appearance and enhances the colors and details of the design.</li>
<li>
<strong>Durable Protection</strong>: Provides robust protection against scratches, drops, and dust, while maintaining the device's slim profile.</li>
<li>
<strong>Smooth Feel</strong>: The glossy surface is smooth to the touch, adding an elegant, premium feel to the case.</li>
<li>
<strong>Vibrant Colors</strong>: The glossy finish enhances the brightness and vibrancy of printed images, making them stand out.</li>
<li>
<strong>Easy Accessibility</strong>: Precisely cutouts ensure easy access to buttons, ports, and cameras without compromising functionality.</li>
<li>
<strong>Customizable Options</strong>: Available in various styles and colors, allowing for a wide range of personalization to match individual tastes.</li>
</ul>",Flex Shop,Electronics > Communications > Telephony > Mobile & Smart Phone Accessories > Mobile Phone Cases,Mobile Cover,Vivo Y15,true,Flex To My Heart Vivo Y15,Default Title,,,,,,,,,0.0,,0,deny,manual,1199.00,1499.00,true,true,,https://cdn.shopify.com/s/files/1/0342/2027/7897/files/ToMyHeart_09c7e465-99bf-4212-bdb7-282d77654169.jpg?v=1736253373,1,"",false,,,2353,,,,,,,,,,,,,,,,,,,,,,,,,,g,,,true,,,true,,,active
phonecase-tulips-bear-vivo-y15,Flex Tulips & Bear Vivo Y15,"<ul>
<li>
<strong>High-Quality Glossy Finish</strong>: The glossy surface gives a sleek, polished appearance and enhances the colors and details of the design.</li>
<li>
<strong>Durable Protection</strong>: Provides robust protection against scratches, drops, and dust, while maintaining the device's slim profile.</li>
<li>
<strong>Smooth Feel</strong>: The glossy surface is smooth to the touch, adding an elegant, premium feel to the case.</li>
<li>
<strong>Vibrant Colors</strong>: The glossy finish enhances the brightness and vibrancy of printed images, making them stand out.</li>
<li>
<strong>Easy Accessibility</strong>: Precisely cutouts ensure easy access to buttons, ports, and cameras without compromising functionality.</li>
<li>
<strong>Customizable Options</strong>: Available in various styles and colors, allowing for a wide range of personalization to match individual tastes.</li>
</ul>",Flex Shop,Electronics > Communications > Telephony > Mobile & Smart Phone Accessories > Mobile Phone Cases,Mobile Cover,Vivo Y15,true,Flex Tulips & Bear Vivo Y15,Default Title,,,,,,,,,0.0,,0,deny,manual,1199.00,1499.00,true,true,,https://cdn.shopify.com/s/files/1/0342/2027/7897/files/Tulips_Bear_13815ae5-9c9d-4b02-b05d-bce560738006.jpg?v=1736253390,1,"",false,,,2353,,,,,,,,,,,,,,,,,,,,,,,,,,g,,,true,,,true,,,active
phonecase-watermelon-vivo-y15,Flex Watermelon Vivo Y15,"<ul>
<li>
<strong>High-Quality Glossy Finish</strong>: The glossy surface gives a sleek, polished appearance and enhances the colors and details of the design.</li>
<li>
<strong>Durable Protection</strong>: Provides robust protection against scratches, drops, and dust, while maintaining the device's slim profile.</li>
<li>
<strong>Smooth Feel</strong>: The glossy surface is smooth to the touch, adding an elegant, premium feel to the case.</li>
<li>
<strong>Vibrant Colors</strong>: The glossy finish enhances the brightness and vibrancy of printed images, making them stand out.</li>
<li>
<strong>Easy Accessibility</strong>: Precisely cutouts ensure easy access to buttons, ports, and cameras without compromising functionality.</li>
<li>
<strong>Customizable Options</strong>: Available in various styles and colors, allowing for a wide range of personalization to match individual tastes.</li>
</ul>",Flex Shop,Electronics > Communications > Telephony > Mobile & Smart Phone Accessories > Mobile Phone Cases,Mobile Cover,Vivo Y15,true,Flex Watermelon Vivo Y15,Default Title,,,,,,,,,0.0,,0,deny,manual,1199.00,1499.00,true,true,,https://cdn.shopify.com/s/files/1/0342/2027/7897/files/Watermelon_70da6f79-48a7-433a-9a77-00a064264bee.jpg?v=1736253405,1,"",false,,,2353,,,,,,,,,,,,,,,,,,,,,,,,,,g,,,true,,,true,,,active
phonecase-white-evil-eye-vivo-y15,Flex White Evil Eye Vivo Y15,"<ul>
<li>
<strong>High-Quality Glossy Finish</strong>: The glossy surface gives a sleek, polished appearance and enhances the colors and details of the design.</li>
<li>
<strong>Durable Protection</strong>: Provides robust protection against scratches, drops, and dust, while maintaining the device's slim profile.</li>
<li>
<strong>Smooth Feel</strong>: The glossy surface is smooth to the touch, adding an elegant, premium feel to the case.</li>
<li>
<strong>Vibrant Colors</strong>: The glossy finish enhances the brightness and vibrancy of printed images, making them stand out.</li>
<li>
<strong>Easy Accessibility</strong>: Precisely cutouts ensure easy access to buttons, ports, and cameras without compromising functionality.</li>
<li>
<strong>Customizable Options</strong>: Available in various styles and colors, allowing for a wide range of personalization to match individual tastes.</li>
</ul>",Flex Shop,Electronics > Communications > Telephony > Mobile & Smart Phone Accessories > Mobile Phone Cases,Mobile Cover,Vivo Y15,true,Flex White Evil Eye Vivo Y15,Default Title,,,,,,,,,0.0,,0,deny,manual,1199.00,1499.00,true,true,,https://cdn.shopify.com/s/files/1/0342/2027/7897/files/WhiteEvilEye_9c8799a1-e892-4f51-9b68-05a2d3588074.jpg?v=1736253416,1,"",false,,,2353,,,,,,,,,,,,,,,,,,,,,,,,,,g,,,true,,,true,,,active
phonecase-white-flower-vivo-y15,Flex White Flower Vivo Y15,"<ul>
<li>
<strong>High-Quality Glossy Finish</strong>: The glossy surface gives a sleek, polished appearance and enhances the colors and details of the design.</li>
<li>
<strong>Durable Protection</strong>: Provides robust protection against scratches, drops, and dust, while maintaining the device's slim profile.</li>
<li>
<strong>Smooth Feel</strong>: The glossy surface is smooth to the touch, adding an elegant, premium feel to the case.</li>
<li>
<strong>Vibrant Colors</strong>: The glossy finish enhances the brightness and vibrancy of printed images, making them stand out.</li>
<li>
<strong>Easy Accessibility</strong>: Precisely cutouts ensure easy access to buttons, ports, and cameras without compromising functionality.</li>
<li>
<strong>Customizable Options</strong>: Available in various styles and colors, allowing for a wide range of personalization to match individual tastes.</li>
</ul>",Flex Shop,Electronics > Communications > Telephony > Mobile & Smart Phone Accessories > Mobile Phone Cases,Mobile Cover,Vivo Y15,true,Flex White Flower Vivo Y15,Default Title,,,,,,,,,0.0,,0,deny,manual,1199.00,1499.00,true,true,,https://cdn.shopify.com/s/files/1/0342/2027/7897/files/WhiteFloral_fc379366-eb39-4763-85d3-617c92a61b89.jpg?v=1736253457,1,"",false,,,2353,,,,,,,,,,,,,,,,,,,,,,,,,,g,,,true,,,true,,,active
phonecase-white-roses-vivo-y15,Flex White Roses Vivo Y15,"<ul>
<li>
<strong>High-Quality Glossy Finish</strong>: The glossy surface gives a sleek, polished appearance and enhances the colors and details of the design.</li>
<li>
<strong>Durable Protection</strong>: Provides robust protection against scratches, drops, and dust, while maintaining the device's slim profile.</li>
<li>
<strong>Smooth Feel</strong>: The glossy surface is smooth to the touch, adding an elegant, premium feel to the case.</li>
<li>
<strong>Vibrant Colors</strong>: The glossy finish enhances the brightness and vibrancy of printed images, making them stand out.</li>
<li>
<strong>Easy Accessibility</strong>: Precisely cutouts ensure easy access to buttons, ports, and cameras without compromising functionality.</li>
<li>
<strong>Customizable Options</strong>: Available in various styles and colors, allowing for a wide range of personalization to match individual tastes.</li>
</ul>",Flex Shop,Electronics > Communications > Telephony > Mobile & Smart Phone Accessories > Mobile Phone Cases,Mobile Cover,Vivo Y15,true,Flex White Roses Vivo Y15,Default Title,,,,,,,,,0.0,,0,deny,manual,1199.00,1499.00,true,true,,https://cdn.shopify.com/s/files/1/0342/2027/7897/files/WhiteRoses_8bfc5ec4-70ee-4b10-ad3c-bdf1a3e861ce.jpg?v=1736253471,1,"",false,,,2353,,,,,,,,,,,,,,,,,,,,,,,,,,g,,,true,,,true,,,active
phonecase-white-star-vivo-y15,Flex White Star  Vivo Y15,"<ul>
<li>
<strong>High-Quality Glossy Finish</strong>: The glossy surface gives a sleek, polished appearance and enhances the colors and details of the design.</li>
<li>
<strong>Durable Protection</strong>: Provides robust protection against scratches, drops, and dust, while maintaining the device's slim profile.</li>
<li>
<strong>Smooth Feel</strong>: The glossy surface is smooth to the touch, adding an elegant, premium feel to the case.</li>
<li>
<strong>Vibrant Colors</strong>: The glossy finish enhances the brightness and vibrancy of printed images, making them stand out.</li>
<li>
<strong>Easy Accessibility</strong>: Precisely cutouts ensure easy access to buttons, ports, and cameras without compromising functionality.</li>
<li>
<strong>Customizable Options</strong>: Available in various styles and colors, allowing for a wide range of personalization to match individual tastes.</li>
</ul>",Flex Shop,Electronics > Communications > Telephony > Mobile & Smart Phone Accessories > Mobile Phone Cases,Mobile Cover,Vivo Y15,true,Flex White Star  Vivo Y15,Default Title,,,,,,,,,0.0,,0,deny,manual,1199.00,1499.00,true,true,,https://cdn.shopify.com/s/files/1/0342/2027/7897/files/WhiteStar_4b05e06b-45e6-455b-ad80-5d8c265f6967.jpg?v=1736253482,1,"",false,,,2353,,,,,,,,,,,,,,,,,,,,,,,,,,g,,,true,,,true,,,active
phonecase-with-kindness-vivo-y15,Flex With Kindness  Vivo Y15,"<ul>
<li>
<strong>High-Quality Glossy Finish</strong>: The glossy surface gives a sleek, polished appearance and enhances the colors and details of the design.</li>
<li>
<strong>Durable Protection</strong>: Provides robust protection against scratches, drops, and dust, while maintaining the device's slim profile.</li>
<li>
<strong>Smooth Feel</strong>: The glossy surface is smooth to the touch, adding an elegant, premium feel to the case.</li>
<li>
<strong>Vibrant Colors</strong>: The glossy finish enhances the brightness and vibrancy of printed images, making them stand out.</li>
<li>
<strong>Easy Accessibility</strong>: Precisely cutouts ensure easy access to buttons, ports, and cameras without compromising functionality.</li>
<li>
<strong>Customizable Options</strong>: Available in various styles and colors, allowing for a wide range of personalization to match individual tastes.</li>
</ul>",Flex Shop,Electronics > Communications > Telephony > Mobile & Smart Phone Accessories > Mobile Phone Cases,Mobile Cover,Vivo Y15,true,Flex With Kindness  Vivo Y15,Default Title,,,,,,,,,0.0,,0,deny,manual,1199.00,1499.00,true,true,,https://cdn.shopify.com/s/files/1/0342/2027/7897/files/WithKindness_7bc2f544-49f4-481c-b875-468333ef9833.jpg?v=1736253502,1,"",false,,,2353,,,,,,,,,,,,,,,,,,,,,,,,,,g,,,true,,,true,,,active
phonecase-y2k-star-vivo-y15,Flex Y2k Star Vivo Y15,"<ul>
<li>
<strong>High-Quality Glossy Finish</strong>: The glossy surface gives a sleek, polished appearance and enhances the colors and details of the design.</li>
<li>
<strong>Durable Protection</strong>: Provides robust protection against scratches, drops, and dust, while maintaining the device's slim profile.</li>
<li>
<strong>Smooth Feel</strong>: The glossy surface is smooth to the touch, adding an elegant, premium feel to the case.</li>
<li>
<strong>Vibrant Colors</strong>: The glossy finish enhances the brightness and vibrancy of printed images, making them stand out.</li>
<li>
<strong>Easy Accessibility</strong>: Precisely cutouts ensure easy access to buttons, ports, and cameras without compromising functionality.</li>
<li>
<strong>Customizable Options</strong>: Available in various styles and colors, allowing for a wide range of personalization to match individual tastes.</li>
</ul>",Flex Shop,Electronics > Communications > Telephony > Mobile & Smart Phone Accessories > Mobile Phone Cases,Mobile Cover,Vivo Y15,true,Flex Y2k Star Vivo Y15,Default Title,,,,,,,,,0.0,,0,deny,manual,1199.00,1499.00,true,true,,https://cdn.shopify.com/s/files/1/0342/2027/7897/files/Y2kStar_94d3692e-2d37-476c-b9cc-6fe9128b269c.jpg?v=1736253514,1,"",false,,,2353,,,,,,,,,,,,,,,,,,,,,,,,,,g,,,true,,,true,,,active
phonecase-yellow-plaid-vivo-y15,Flex Yellow Plaid Vivo Y15,"<ul>
<li>
<strong>High-Quality Glossy Finish</strong>: The glossy surface gives a sleek, polished appearance and enhances the colors and details of the design.</li>
<li>
<strong>Durable Protection</strong>: Provides robust protection against scratches, drops, and dust, while maintaining the device's slim profile.</li>
<li>
<strong>Smooth Feel</strong>: The glossy surface is smooth to the touch, adding an elegant, premium feel to the case.</li>
<li>
<strong>Vibrant Colors</strong>: The glossy finish enhances the brightness and vibrancy of printed images, making them stand out.</li>
<li>
<strong>Easy Accessibility</strong>: Precisely cutouts ensure easy access to buttons, ports, and cameras without compromising functionality.</li>
<li>
<strong>Customizable Options</strong>: Available in various styles and colors, allowing for a wide range of personalization to match individual tastes.</li>
</ul>",Flex Shop,Electronics > Communications > Telephony > Mobile & Smart Phone Accessories > Mobile Phone Cases,Mobile Cover,Vivo Y15,true,Flex Yellow Plaid Vivo Y15,Default Title,,,,,,,,,0.0,,0,deny,manual,1199.00,1499.00,true,true,,https://cdn.shopify.com/s/files/1/0342/2027/7897/files/YellowPlaid_e5a34aad-a1ae-4982-a559-0bd375923435.jpg?v=1736253525,1,"",false,,,2353,,,,,,,,,,,,,,,,,,,,,,,,,,g,,,true,,,true,,,active
phonecase-yellow-smilies-vivo-y15,Flex Yellow Smilies  Vivo Y15,"<ul>
<li>
<strong>High-Quality Glossy Finish</strong>: The glossy surface gives a sleek, polished appearance and enhances the colors and details of the design.</li>
<li>
<strong>Durable Protection</strong>: Provides robust protection against scratches, drops, and dust, while maintaining the device's slim profile.</li>
<li>
<strong>Smooth Feel</strong>: The glossy surface is smooth to the touch, adding an elegant, premium feel to the case.</li>
<li>
<strong>Vibrant Colors</strong>: The glossy finish enhances the brightness and vibrancy of printed images, making them stand out.</li>
<li>
<strong>Easy Accessibility</strong>: Precisely cutouts ensure easy access to buttons, ports, and cameras without compromising functionality.</li>
<li>
<strong>Customizable Options</strong>: Available in various styles and colors, allowing for a wide range of personalization to match individual tastes.</li>
</ul>",Flex Shop,Electronics > Communications > Telephony > Mobile & Smart Phone Accessories > Mobile Phone Cases,Mobile Cover,Vivo Y15,true,Flex Yellow Smilies  Vivo Y15,Default Title,,,,,,,,,0.0,,0,deny,manual,1199.00,1499.00,true,true,,https://cdn.shopify.com/s/files/1/0342/2027/7897/files/YellowSmilies_09fb4b22-d1a9-4aa6-a70d-15118ea561ef.jpg?v=1736253541,1,"",false,,,2353,,,,,,,,,,,,,,,,,,,,,,,,,,g,,,true,,,true,,,active
flex-tom-jerry-soft-silicon-case-for-iphone-models,Flex Tom & Jerry Soft Silicon Case For iPhone  Models,"<ul>
<li>
<p><strong>Design</strong>: Features a playful and colorful Tom &amp; Jerry graphic, showcasing the classic cartoon characters in a fun and engaging style.</p>
</li>
<li>
<p><strong>Material</strong>: Made from high-quality soft silicone, providing a smooth, soft touch while ensuring protection against drops and bumps.</p>
</li>
<li>
<p><strong>Protection</strong>: Offers reliable protection for your iPhone, safeguarding it from scratches, dust, and minor impacts without adding bulk.</p>
</li>
<li>
<p><strong>Comfort</strong>: The soft silicone material is easy to grip, providing a comfortable feel while handling the device.</p>
</li>
<li>
<p><strong>Fit</strong>: Tailored specifically for various iPhone models, ensuring precise cutouts for the camera, buttons, and ports.</p>
</li>
<li>
<p><strong>Flexibility</strong>: The soft silicone is flexible, making it easy to install and remove the case without damaging the phone.</p>
</li>
<li>
<p><strong>Shock Absorption</strong>: Provides shock-absorbing properties, reducing the impact of accidental drops and protecting the device's internal components.</p>
</li>
<li>
<p><strong>Stylish and Fun</strong>: Adds a personalized, playful look to your iPhone, making it a great accessory for cartoon fans.</p>
</li>
<li>
<p><strong>Durable</strong>: Resistant to fading and discoloration, ensuring the design remains vibrant over time.</p>
</li>
<li>
<p><strong>Easy Maintenance</strong>: The soft silicone material is easy to clean, maintaining its aesthetic appeal with minimal effort.</p>
</li>
</ul>",Flex Shop,Electronics > Communications > Telephony > Mobile & Smart Phone Accessories > Mobile Phone Cases,Mobile Cover,"",true,Model,iPhone 16 Pro Max,,Color,Black,,,,,"",0.0,shopify,0,continue,manual,1499.00,1799.00,true,true,"",https://cdn.shopify.com/s/files/1/0342/2027/7897/files/WhatsAppImage2025-01-05at2.41.58PM_1.jpg?v=1737199396,1,"",false,,,2353,,,,,,,,,,,,,,,,,other,back-cover,black; gray; pink,shockproof; snug-fit,,,,,,g,,,true,,,true,,,active
flex-tom-jerry-soft-silicon-case-for-iphone-models,,,,,,,,,iPhone 16 Pro Max,,,Pink,,,,,"",0.0,shopify,0,continue,manual,1499.00,1799.00,true,true,"",https://cdn.shopify.com/s/files/1/0342/2027/7897/files/WhatsAppImage2025-01-05at2.41.57PM.jpg?v=1737199396,2,"",,,,,,,,,,,,,,,,,,,,,,,,,,,,,,g,,,,,,,,,
flex-tom-jerry-soft-silicon-case-for-iphone-models,,,,,,,,,iPhone 16 Pro Max,,,Gray,,,,,"",0.0,shopify,0,continue,manual,1499.00,1799.00,true,true,"",https://cdn.shopify.com/s/files/1/0342/2027/7897/files/WhatsAppImage2025-01-05at2.41.59PM.jpg?v=1737199396,3,"",,,,,,,,,,,,,,,,,,,,,,,,,,,,,,g,,,,,,,,,
flex-tom-jerry-soft-silicon-case-for-iphone-models,,,,,,,,,iPhone 16 Pro,,,Black,,,,,"",0.0,shopify,0,continue,manual,1499.00,1799.00,true,true,"",https://cdn.shopify.com/s/files/1/0342/2027/7897/files/WhatsAppImage2025-01-05at2.41.58PM.jpg?v=1737199396,4,"",,,,,,,,,,,,,,,,,,,,,,,,,,,,,,g,,,,,,,,,
flex-tom-jerry-soft-silicon-case-for-iphone-models,,,,,,,,,iPhone 16 Pro,,,Pink,,,,,"",0.0,shopify,0,continue,manual,1499.00,1799.00,true,true,"",,,,,,,,,,,,,,,,,,,,,,,,,,,,,,,,,g,,,,,,,,,
flex-tom-jerry-soft-silicon-case-for-iphone-models,,,,,,,,,iPhone 16 Pro,,,Gray,,,,,"",0.0,shopify,0,continue,manual,1499.00,1799.00,true,true,"",,,,,,,,,,,,,,,,,,,,,,,,,,,,,,,,,g,,,,,,,,,
flex-tom-jerry-soft-silicon-case-for-iphone-models,,,,,,,,,iPhone 16,,,Black,,,,,"",0.0,shopify,0,continue,manual,1499.00,1799.00,true,true,"",,,,,,,,,,,,,,,,,,,,,,,,,,,,,,,,,g,,,,,,,,,
flex-tom-jerry-soft-silicon-case-for-iphone-models,,,,,,,,,iPhone 16,,,Pink,,,,,"",0.0,shopify,0,continue,manual,1499.00,1799.00,true,true,"",,,,,,,,,,,,,,,,,,,,,,,,,,,,,,,,,g,,,,,,,,,
flex-tom-jerry-soft-silicon-case-for-iphone-models,,,,,,,,,iPhone 16,,,Gray,,,,,"",0.0,shopify,0,continue,manual,1499.00,1799.00,true,true,"",,,,,,,,,,,,,,,,,,,,,,,,,,,,,,,,,g,,,,,,,,,
flex-tom-jerry-soft-silicon-case-for-iphone-models,,,,,,,,,iPhone 15 Pro Max,,,Black,,,,,"",0.0,shopify,0,continue,manual,1299.00,1799.00,true,true,"",,,,,,,,,,,,,,,,,,,,,,,,,,,,,,,,,g,,,,,,,,,
flex-tom-jerry-soft-silicon-case-for-iphone-models,,,,,,,,,iPhone 15 Pro Max,,,Pink,,,,,"",0.0,shopify,0,continue,manual,1299.00,1799.00,true,true,"",,,,,,,,,,,,,,,,,,,,,,,,,,,,,,,,,g,,,,,,,,,
flex-tom-jerry-soft-silicon-case-for-iphone-models,,,,,,,,,iPhone 15 Pro Max,,,Gray,,,,,"",0.0,shopify,0,continue,manual,1299.00,1799.00,true,true,"",,,,,,,,,,,,,,,,,,,,,,,,,,,,,,,,,g,,,,,,,,,
flex-tom-jerry-soft-silicon-case-for-iphone-models,,,,,,,,,iPhone 15 Pro,,,Black,,,,,"",0.0,shopify,0,continue,manual,1299.00,1799.00,true,true,"",,,,,,,,,,,,,,,,,,,,,,,,,,,,,,,,,g,,,,,,,,,
flex-tom-jerry-soft-silicon-case-for-iphone-models,,,,,,,,,iPhone 15 Pro,,,Pink,,,,,"",0.0,shopify,0,continue,manual,1299.00,1799.00,true,true,"",,,,,,,,,,,,,,,,,,,,,,,,,,,,,,,,,g,,,,,,,,,
flex-tom-jerry-soft-silicon-case-for-iphone-models,,,,,,,,,iPhone 15 Pro,,,Gray,,,,,"",0.0,shopify,0,continue,manual,1299.00,1799.00,true,true,"",,,,,,,,,,,,,,,,,,,,,,,,,,,,,,,,,g,,,,,,,,,
flex-tom-jerry-soft-silicon-case-for-iphone-models,,,,,,,,,iPhone 15,,,Black,,,,,"",0.0,shopify,0,continue,manual,1299.00,1799.00,true,true,"",,,,,,,,,,,,,,,,,,,,,,,,,,,,,,,,,g,,,,,,,,,
flex-tom-jerry-soft-silicon-case-for-iphone-models,,,,,,,,,iPhone 15,,,Pink,,,,,"",0.0,shopify,0,continue,manual,1299.00,1799.00,true,true,"",,,,,,,,,,,,,,,,,,,,,,,,,,,,,,,,,g,,,,,,,,,
flex-tom-jerry-soft-silicon-case-for-iphone-models,,,,,,,,,iPhone 15,,,Gray,,,,,"",0.0,shopify,0,continue,manual,1299.00,1799.00,true,true,"",,,,,,,,,,,,,,,,,,,,,,,,,,,,,,,,,g,,,,,,,,,
flex-tom-jerry-soft-silicon-case-for-iphone-models,,,,,,,,,iPhone 14 Pro Max,,,Black,,,,,"",0.0,shopify,0,continue,manual,1299.00,1799.00,true,true,"",,,,,,,,,,,,,,,,,,,,,,,,,,,,,,,,,g,,,,,,,,,
flex-tom-jerry-soft-silicon-case-for-iphone-models,,,,,,,,,iPhone 14 Pro Max,,,Pink,,,,,"",0.0,shopify,0,continue,manual,1299.00,1799.00,true,true,"",,,,,,,,,,,,,,,,,,,,,,,,,,,,,,,,,g,,,,,,,,,
flex-tom-jerry-soft-silicon-case-for-iphone-models,,,,,,,,,iPhone 14 Pro Max,,,Gray,,,,,"",0.0,shopify,0,continue,manual,1299.00,1799.00,true,true,"",,,,,,,,,,,,,,,,,,,,,,,,,,,,,,,,,g,,,,,,,,,
flex-tom-jerry-soft-silicon-case-for-iphone-models,,,,,,,,,iPhone 14 Pro,,,Black,,,,,"",0.0,shopify,0,continue,manual,1299.00,1799.00,true,true,"",,,,,,,,,,,,,,,,,,,,,,,,,,,,,,,,,g,,,,,,,,,
flex-tom-jerry-soft-silicon-case-for-iphone-models,,,,,,,,,iPhone 14 Pro,,,Pink,,,,,"",0.0,shopify,0,continue,manual,1299.00,1799.00,true,true,"",,,,,,,,,,,,,,,,,,,,,,,,,,,,,,,,,g,,,,,,,,,
flex-tom-jerry-soft-silicon-case-for-iphone-models,,,,,,,,,iPhone 14 Pro,,,Gray,,,,,"",0.0,shopify,0,continue,manual,1299.00,1799.00,true,true,"",,,,,,,,,,,,,,,,,,,,,,,,,,,,,,,,,g,,,,,,,,,
flex-tom-jerry-soft-silicon-case-for-iphone-models,,,,,,,,,iPhone 13 / 14,,,Black,,,,,"",0.0,shopify,0,continue,manual,1299.00,1799.00,true,true,"",,,,,,,,,,,,,,,,,,,,,,,,,,,,,,,,,g,,,,,,,,,
flex-tom-jerry-soft-silicon-case-for-iphone-models,,,,,,,,,iPhone 13 / 14,,,Pink,,,,,"",0.0,shopify,0,continue,manual,1299.00,1799.00,true,true,"",,,,,,,,,,,,,,,,,,,,,,,,,,,,,,,,,g,,,,,,,,,
flex-tom-jerry-soft-silicon-case-for-iphone-models,,,,,,,,,iPhone 13 / 14,,,Gray,,,,,"",0.0,shopify,0,continue,manual,1299.00,1799.00,true,true,"",,,,,,,,,,,,,,,,,,,,,,,,,,,,,,,,,g,,,,,,,,,
flex-tom-jerry-soft-silicon-case-for-iphone-models,,,,,,,,,iPhone 13 Pro Max,,,Black,,,,,"",0.0,shopify,0,continue,manual,1299.00,1799.00,true,true,"",,,,,,,,,,,,,,,,,,,,,,,,,,,,,,,,,g,,,,,,,,,
flex-tom-jerry-soft-silicon-case-for-iphone-models,,,,,,,,,iPhone 13 Pro Max,,,Pink,,,,,"",0.0,shopify,0,continue,manual,1299.00,1799.00,true,true,"",,,,,,,,,,,,,,,,,,,,,,,,,,,,,,,,,g,,,,,,,,,
flex-tom-jerry-soft-silicon-case-for-iphone-models,,,,,,,,,iPhone 13 Pro Max,,,Gray,,,,,"",0.0,shopify,0,continue,manual,1299.00,1799.00,true,true,"",,,,,,,,,,,,,,,,,,,,,,,,,,,,,,,,,g,,,,,,,,,
flex-tom-jerry-soft-silicon-case-for-iphone-models,,,,,,,,,iPhone 13 Pro,,,Black,,,,,"",0.0,shopify,0,continue,manual,1299.00,1799.00,true,true,"",,,,,,,,,,,,,,,,,,,,,,,,,,,,,,,,,g,,,,,,,,,
flex-tom-jerry-soft-silicon-case-for-iphone-models,,,,,,,,,iPhone 13 Pro,,,Pink,,,,,"",0.0,shopify,0,continue,manual,1299.00,1799.00,true,true,"",,,,,,,,,,,,,,,,,,,,,,,,,,,,,,,,,g,,,,,,,,,
flex-tom-jerry-soft-silicon-case-for-iphone-models,,,,,,,,,iPhone 13 Pro,,,Gray,,,,,"",0.0,shopify,0,continue,manual,1299.00,1799.00,true,true,"",,,,,,,,,,,,,,,,,,,,,,,,,,,,,,,,,g,,,,,,,,,
flex-tom-jerry-soft-silicon-case-for-iphone-models,,,,,,,,,iPhone 12 Pro Max,,,Black,,,,,"",0.0,shopify,0,continue,manual,1299.00,1799.00,true,true,"",,,,,,,,,,,,,,,,,,,,,,,,,,,,,,,,,g,,,,,,,,,
flex-tom-jerry-soft-silicon-case-for-iphone-models,,,,,,,,,iPhone 12 Pro Max,,,Pink,,,,,"",0.0,shopify,0,continue,manual,1299.00,1799.00,true,true,"",,,,,,,,,,,,,,,,,,,,,,,,,,,,,,,,,g,,,,,,,,,
flex-tom-jerry-soft-silicon-case-for-iphone-models,,,,,,,,,iPhone 12 Pro Max,,,Gray,,,,,"",0.0,shopify,0,continue,manual,1299.00,1799.00,true,true,"",,,,,,,,,,,,,,,,,,,,,,,,,,,,,,,,,g,,,,,,,,,
flex-tom-jerry-soft-silicon-case-for-iphone-models,,,,,,,,,iPhone 12 / 12 Pro,,,Black,,,,,"",0.0,shopify,0,continue,manual,1299.00,1799.00,true,true,"",,,,,,,,,,,,,,,,,,,,,,,,,,,,,,,,,g,,,,,,,,,
flex-tom-jerry-soft-silicon-case-for-iphone-models,,,,,,,,,iPhone 12 / 12 Pro,,,Pink,,,,,"",0.0,shopify,0,continue,manual,1299.00,1799.00,true,true,"",,,,,,,,,,,,,,,,,,,,,,,,,,,,,,,,,g,,,,,,,,,
flex-tom-jerry-soft-silicon-case-for-iphone-models,,,,,,,,,iPhone 12 / 12 Pro,,,Gray,,,,,"",0.0,shopify,0,continue,manual,1299.00,1799.00,true,true,"",,,,,,,,,,,,,,,,,,,,,,,,,,,,,,,,,g,,,,,,,,,
flex-tom-jerry-soft-silicon-case-for-iphone-models,,,,,,,,,iPhone 11 Pro Max,,,Black,,,,,"",0.0,shopify,0,continue,manual,1299.00,1799.00,true,true,"",,,,,,,,,,,,,,,,,,,,,,,,,,,,,,,,,g,,,,,,,,,
flex-tom-jerry-soft-silicon-case-for-iphone-models,,,,,,,,,iPhone 11 Pro Max,,,Pink,,,,,"",0.0,shopify,0,continue,manual,1299.00,1799.00,true,true,"",,,,,,,,,,,,,,,,,,,,,,,,,,,,,,,,,g,,,,,,,,,
flex-tom-jerry-soft-silicon-case-for-iphone-models,,,,,,,,,iPhone 11 Pro Max,,,Gray,,,,,"",0.0,shopify,0,continue,manual,1299.00,1799.00,true,true,"",,,,,,,,,,,,,,,,,,,,,,,,,,,,,,,,,g,,,,,,,,,
flex-tom-jerry-soft-silicon-case-for-iphone-models,,,,,,,,,iPhone 11 Pro,,,Black,,,,,"",0.0,shopify,0,continue,manual,1299.00,1799.00,true,true,"",,,,,,,,,,,,,,,,,,,,,,,,,,,,,,,,,g,,,,,,,,,
flex-tom-jerry-soft-silicon-case-for-iphone-models,,,,,,,,,iPhone 11 Pro,,,Pink,,,,,"",0.0,shopify,0,continue,manual,1299.00,1799.00,true,true,"",,,,,,,,,,,,,,,,,,,,,,,,,,,,,,,,,g,,,,,,,,,
flex-tom-jerry-soft-silicon-case-for-iphone-models,,,,,,,,,iPhone 11 Pro,,,Gray,,,,,"",0.0,shopify,0,continue,manual,1299.00,1799.00,true,true,"",,,,,,,,,,,,,,,,,,,,,,,,,,,,,,,,,g,,,,,,,,,
flex-tom-jerry-soft-silicon-case-for-iphone-models,,,,,,,,,iPhone 11,,,Black,,,,,"",0.0,shopify,0,continue,manual,1299.00,1799.00,true,true,"",,,,,,,,,,,,,,,,,,,,,,,,,,,,,,,,,g,,,,,,,,,
flex-tom-jerry-soft-silicon-case-for-iphone-models,,,,,,,,,iPhone 11,,,Pink,,,,,"",0.0,shopify,0,continue,manual,1299.00,1799.00,true,true,"",,,,,,,,,,,,,,,,,,,,,,,,,,,,,,,,,g,,,,,,,,,
flex-tom-jerry-soft-silicon-case-for-iphone-models,,,,,,,,,iPhone 11,,,Gray,,,,,"",0.0,shopify,0,continue,manual,1299.00,1799.00,true,true,"",,,,,,,,,,,,,,,,,,,,,,,,,,,,,,,,,g,,,,,,,,,
flex-tom-jerry-soft-silicon-case-for-iphone-models,,,,,,,,,iPhone Xs Max,,,Black,,,,,"",0.0,shopify,0,continue,manual,1299.00,1799.00,true,true,"",,,,,,,,,,,,,,,,,,,,,,,,,,,,,,,,,g,,,,,,,,,
flex-tom-jerry-soft-silicon-case-for-iphone-models,,,,,,,,,iPhone Xs Max,,,Pink,,,,,"",0.0,shopify,0,continue,manual,1299.00,1799.00,true,true,"",,,,,,,,,,,,,,,,,,,,,,,,,,,,,,,,,g,,,,,,,,,
flex-tom-jerry-soft-silicon-case-for-iphone-models,,,,,,,,,iPhone Xs Max,,,Gray,,,,,"",0.0,shopify,0,continue,manual,1299.00,1799.00,true,true,"",,,,,,,,,,,,,,,,,,,,,,,,,,,,,,,,,g,,,,,,,,,
flex-tom-jerry-soft-silicon-case-for-iphone-models,,,,,,,,,iPhone X / Xs,,,Black,,,,,"",0.0,shopify,0,continue,manual,1299.00,1799.00,true,true,"",,,,,,,,,,,,,,,,,,,,,,,,,,,,,,,,,g,,,,,,,,,
flex-tom-jerry-soft-silicon-case-for-iphone-models,,,,,,,,,iPhone X / Xs,,,Pink,,,,,"",0.0,shopify,0,continue,manual,1299.00,1799.00,true,true,"",,,,,,,,,,,,,,,,,,,,,,,,,,,,,,,,,g,,,,,,,,,
flex-tom-jerry-soft-silicon-case-for-iphone-models,,,,,,,,,iPhone X / Xs,,,Gray,,,,,"",0.0,shopify,0,continue,manual,1299.00,1799.00,true,true,"",,,,,,,,,,,,,,,,,,,,,,,,,,,,,,,,,g,,,,,,,,,
flex-nano-frosted-logo-case-for-iphone-models,Flex Nano Frosted Logo Case for iPhone,"<ul>
<li>
<p><strong>Material</strong>: Made from high-quality nano frosted material, which combines durability with a smooth, matte finish for a premium feel.</p>
</li>
<li>
<p><strong>Sleek and Minimalist Design</strong>: Offers a slim, lightweight profile that maintains the sleek aesthetics of the iPhone while providing protection.</p>
</li>
<li>
<p><strong>Scratch-Resistant</strong>: The frosted surface helps resist scratches and fingerprints, keeping the case looking clean and new for longer.</p>
</li>
<li>
<p><strong>Non-Slip Grip</strong>: The matte texture provides a secure, comfortable grip, reducing the likelihood of accidental drops.</p>
</li>
<li>
<p><strong>Protection</strong>: Provides reliable protection against everyday wear and tear, such as bumps, scratches, and minor impacts, without adding extra bulk.</p>
</li>
<li>
<p><strong>Precise Cutouts</strong>: Designed with accurate cutouts for easy access to buttons, ports, and camera, ensuring full functionality of the device.</p>
</li>
<li>
<p><strong>Lightweight</strong>: The case is lightweight, offering protection without adding unnecessary weight to your phone.</p>
</li>
<li>
<p><strong>Enhanced Durability</strong>: Built to last, the nano frosted material is resistant to fading, discoloration, and wear over time.</p>
</li>
<li>
<p><strong>Elegant Finish</strong>: The frosted texture gives the case a sophisticated and modern look, appealing to those who prefer a more subtle, elegant style.</p>
</li>
<li>
<p><strong>Easy to Install and Remove</strong>: The flexible material allows for quick installation and removal without damaging the phone or case.</p>
</li>
</ul>",Flex Shop,Electronics > Communications > Telephony > Mobile & Smart Phone Accessories > Mobile Phone Cases,Mobile Cover,"",true,Model,iPhone 16 Pro Max,,Color,Titanium,,,,,"",0.0,shopify,0,continue,manual,2499.00,,true,true,"",https://cdn.shopify.com/s/files/1/0342/2027/7897/files/WhatsAppImage2025-01-15at3.49.55PM_1.jpg?v=1737205268,1,"",false,,,2353,,,,,,,,,,,,,,,,,other,back-cover,gold,snug-fit,,,,,,g,,,true,,,true,,,active
flex-nano-frosted-logo-case-for-iphone-models,,,,,,,,,iPhone 16 Pro Max,,,Rose Gold,,,,,"",0.0,shopify,0,continue,manual,2499.00,,true,true,"",https://cdn.shopify.com/s/files/1/0342/2027/7897/files/WhatsAppImage2025-01-15at3.49.55PM.jpg?v=1737205268,2,"",,,,,,,,,,,,,,,,,,,,,,,,,,,,,https://cdn.shopify.com/s/files/1/0342/2027/7897/files/WhatsAppImage2025-01-15at3.49.55PM.jpg?v=1737205268,g,,,,,,,,,
flex-nano-frosted-logo-case-for-iphone-models,,,,,,,,,iPhone 16 Pro Max,,,Desert Brown,,,,,"",0.0,shopify,0,continue,manual,2499.00,,true,true,"",,,,,,,,,,,,,,,,,,,,,,,,,,,,,,,,https://cdn.shopify.com/s/files/1/0342/2027/7897/files/WhatsAppImage2025-01-15at3.49.55PM_1.jpg?v=1737205268,g,,,,,,,,,
flex-nano-frosted-logo-case-for-iphone-models,,,,,,,,,iPhone 16 Pro,,,Titanium,,,,,"",0.0,shopify,0,continue,manual,2499.00,,true,true,"",,,,,,,,,,,,,,,,,,,,,,,,,,,,,,,,,g,,,,,,,,,
flex-nano-frosted-logo-case-for-iphone-models,,,,,,,,,iPhone 16 Pro,,,Rose Gold,,,,,"",0.0,shopify,0,continue,manual,2499.00,,true,true,"",,,,,,,,,,,,,,,,,,,,,,,,,,,,,,,,https://cdn.shopify.com/s/files/1/0342/2027/7897/files/WhatsAppImage2025-01-15at3.49.55PM.jpg?v=1737205268,g,,,,,,,,,
flex-nano-frosted-logo-case-for-iphone-models,,,,,,,,,iPhone 16 Pro,,,Desert Brown,,,,,"",0.0,shopify,0,continue,manual,2499.00,,true,true,"",,,,,,,,,,,,,,,,,,,,,,,,,,,,,,,,https://cdn.shopify.com/s/files/1/0342/2027/7897/files/WhatsAppImage2025-01-15at3.49.55PM_1.jpg?v=1737205268,g,,,,,,,,,
flex-nano-frosted-logo-case-for-iphone-models,,,,,,,,,iPhone 16,,,Titanium,,,,,"",0.0,shopify,0,continue,manual,2499.00,,true,true,"",,,,,,,,,,,,,,,,,,,,,,,,,,,,,,,,,g,,,,,,,,,
flex-nano-frosted-logo-case-for-iphone-models,,,,,,,,,iPhone 16,,,Rose Gold,,,,,"",0.0,shopify,0,continue,manual,2499.00,,true,true,"",,,,,,,,,,,,,,,,,,,,,,,,,,,,,,,,https://cdn.shopify.com/s/files/1/0342/2027/7897/files/WhatsAppImage2025-01-15at3.49.55PM.jpg?v=1737205268,g,,,,,,,,,
flex-nano-frosted-logo-case-for-iphone-models,,,,,,,,,iPhone 16,,,Desert Brown,,,,,"",0.0,shopify,0,continue,manual,2499.00,,true,true,"",,,,,,,,,,,,,,,,,,,,,,,,,,,,,,,,https://cdn.shopify.com/s/files/1/0342/2027/7897/files/WhatsAppImage2025-01-15at3.49.55PM_1.jpg?v=1737205268,g,,,,,,,,,
flex-nano-frosted-logo-case-for-iphone-models,,,,,,,,,iPhone 15 Pro Max,,,Titanium,,,,,"",0.0,shopify,0,continue,manual,2199.00,,true,true,"",,,,,,,,,,,,,,,,,,,,,,,,,,,,,,,,,g,,,,,,,,,
flex-nano-frosted-logo-case-for-iphone-models,,,,,,,,,iPhone 15 Pro Max,,,Rose Gold,,,,,"",0.0,shopify,0,continue,manual,2199.00,,true,true,"",,,,,,,,,,,,,,,,,,,,,,,,,,,,,,,,https://cdn.shopify.com/s/files/1/0342/2027/7897/files/WhatsAppImage2025-01-15at3.49.55PM.jpg?v=1737205268,g,,,,,,,,,
flex-nano-frosted-logo-case-for-iphone-models,,,,,,,,,iPhone 15 Pro Max,,,Desert Brown,,,,,"",0.0,shopify,0,continue,manual,2199.00,,true,true,"",,,,,,,,,,,,,,,,,,,,,,,,,,,,,,,,https://cdn.shopify.com/s/files/1/0342/2027/7897/files/WhatsAppImage2025-01-15at3.49.55PM_1.jpg?v=1737205268,g,,,,,,,,,
flex-nano-frosted-logo-case-for-iphone-models,,,,,,,,,iPhone 15 Pro,,,Titanium,,,,,"",0.0,shopify,0,continue,manual,2199.00,,true,true,"",,,,,,,,,,,,,,,,,,,,,,,,,,,,,,,,,g,,,,,,,,,
flex-nano-frosted-logo-case-for-iphone-models,,,,,,,,,iPhone 15 Pro,,,Rose Gold,,,,,"",0.0,shopify,0,continue,manual,2199.00,,true,true,"",,,,,,,,,,,,,,,,,,,,,,,,,,,,,,,,https://cdn.shopify.com/s/files/1/0342/2027/7897/files/WhatsAppImage2025-01-15at3.49.55PM.jpg?v=1737205268,g,,,,,,,,,
flex-nano-frosted-logo-case-for-iphone-models,,,,,,,,,iPhone 15 Pro,,,Desert Brown,,,,,"",0.0,shopify,0,continue,manual,2199.00,,true,true,"",,,,,,,,,,,,,,,,,,,,,,,,,,,,,,,,https://cdn.shopify.com/s/files/1/0342/2027/7897/files/WhatsAppImage2025-01-15at3.49.55PM_1.jpg?v=1737205268,g,,,,,,,,,
flex-nano-frosted-logo-case-for-iphone-models,,,,,,,,,iPhone 15,,,Titanium,,,,,"",0.0,shopify,0,continue,manual,2199.00,,true,true,"",,,,,,,,,,,,,,,,,,,,,,,,,,,,,,,,,g,,,,,,,,,
flex-nano-frosted-logo-case-for-iphone-models,,,,,,,,,iPhone 15,,,Rose Gold,,,,,"",0.0,shopify,0,continue,manual,2199.00,,true,true,"",,,,,,,,,,,,,,,,,,,,,,,,,,,,,,,,https://cdn.shopify.com/s/files/1/0342/2027/7897/files/WhatsAppImage2025-01-15at3.49.55PM.jpg?v=1737205268,g,,,,,,,,,
flex-nano-frosted-logo-case-for-iphone-models,,,,,,,,,iPhone 15,,,Desert Brown,,,,,"",0.0,shopify,0,continue,manual,2199.00,,true,true,"",,,,,,,,,,,,,,,,,,,,,,,,,,,,,,,,https://cdn.shopify.com/s/files/1/0342/2027/7897/files/WhatsAppImage2025-01-15at3.49.55PM_1.jpg?v=1737205268,g,,,,,,,,,
flex-nano-frosted-logo-case-for-iphone-models,,,,,,,,,iPhone 14 Pro Max,,,Titanium,,,,,"",0.0,shopify,0,continue,manual,2199.00,,true,true,"",,,,,,,,,,,,,,,,,,,,,,,,,,,,,,,,,g,,,,,,,,,
flex-nano-frosted-logo-case-for-iphone-models,,,,,,,,,iPhone 14 Pro Max,,,Rose Gold,,,,,"",0.0,shopify,0,continue,manual,2199.00,,true,true,"",,,,,,,,,,,,,,,,,,,,,,,,,,,,,,,,https://cdn.shopify.com/s/files/1/0342/2027/7897/files/WhatsAppImage2025-01-15at3.49.55PM.jpg?v=1737205268,g,,,,,,,,,
flex-nano-frosted-logo-case-for-iphone-models,,,,,,,,,iPhone 14 Pro Max,,,Desert Brown,,,,,"",0.0,shopify,0,continue,manual,2199.00,,true,true,"",,,,,,,,,,,,,,,,,,,,,,,,,,,,,,,,https://cdn.shopify.com/s/files/1/0342/2027/7897/files/WhatsAppImage2025-01-15at3.49.55PM_1.jpg?v=1737205268,g,,,,,,,,,
flex-nano-frosted-logo-case-for-iphone-models,,,,,,,,,iPhone 14 Pro,,,Titanium,,,,,"",0.0,shopify,0,continue,manual,2199.00,,true,true,"",,,,,,,,,,,,,,,,,,,,,,,,,,,,,,,,,g,,,,,,,,,
flex-nano-frosted-logo-case-for-iphone-models,,,,,,,,,iPhone 14 Pro,,,Rose Gold,,,,,"",0.0,shopify,0,continue,manual,2199.00,,true,true,"",,,,,,,,,,,,,,,,,,,,,,,,,,,,,,,,https://cdn.shopify.com/s/files/1/0342/2027/7897/files/WhatsAppImage2025-01-15at3.49.55PM.jpg?v=1737205268,g,,,,,,,,,
flex-nano-frosted-logo-case-for-iphone-models,,,,,,,,,iPhone 14 Pro,,,Desert Brown,,,,,"",0.0,shopify,0,continue,manual,2199.00,,true,true,"",,,,,,,,,,,,,,,,,,,,,,,,,,,,,,,,https://cdn.shopify.com/s/files/1/0342/2027/7897/files/WhatsAppImage2025-01-15at3.49.55PM_1.jpg?v=1737205268,g,,,,,,,,,
flex-nano-frosted-logo-case-for-iphone-models,,,,,,,,,iPhone 14,,,Titanium,,,,,"",0.0,shopify,0,continue,manual,2199.00,,true,true,"",,,,,,,,,,,,,,,,,,,,,,,,,,,,,,,,,g,,,,,,,,,
flex-nano-frosted-logo-case-for-iphone-models,,,,,,,,,iPhone 14,,,Rose Gold,,,,,"",0.0,shopify,0,continue,manual,2199.00,,true,true,"",,,,,,,,,,,,,,,,,,,,,,,,,,,,,,,,https://cdn.shopify.com/s/files/1/0342/2027/7897/files/WhatsAppImage2025-01-15at3.49.55PM.jpg?v=1737205268,g,,,,,,,,,
flex-nano-frosted-logo-case-for-iphone-models,,,,,,,,,iPhone 14,,,Desert Brown,,,,,"",0.0,shopify,0,continue,manual,2199.00,,true,true,"",,,,,,,,,,,,,,,,,,,,,,,,,,,,,,,,https://cdn.shopify.com/s/files/1/0342/2027/7897/files/WhatsAppImage2025-01-15at3.49.55PM_1.jpg?v=1737205268,g,,,,,,,,,
flex-nano-frosted-logo-case-for-iphone-models,,,,,,,,,iPhone 13 Pro Max,,,Titanium,,,,,"",0.0,shopify,0,continue,manual,2199.00,,true,true,"",,,,,,,,,,,,,,,,,,,,,,,,,,,,,,,,,g,,,,,,,,,
flex-nano-frosted-logo-case-for-iphone-models,,,,,,,,,iPhone 13 Pro Max,,,Rose Gold,,,,,"",0.0,shopify,0,continue,manual,2199.00,,true,true,"",,,,,,,,,,,,,,,,,,,,,,,,,,,,,,,,https://cdn.shopify.com/s/files/1/0342/2027/7897/files/WhatsAppImage2025-01-15at3.49.55PM.jpg?v=1737205268,g,,,,,,,,,
flex-nano-frosted-logo-case-for-iphone-models,,,,,,,,,iPhone 13 Pro Max,,,Desert Brown,,,,,"",0.0,shopify,0,continue,manual,2199.00,,true,true,"",,,,,,,,,,,,,,,,,,,,,,,,,,,,,,,,https://cdn.shopify.com/s/files/1/0342/2027/7897/files/WhatsAppImage2025-01-15at3.49.55PM_1.jpg?v=1737205268,g,,,,,,,,,
flex-nano-frosted-logo-case-for-iphone-models,,,,,,,,,iPhone 13 Pro,,,Titanium,,,,,"",0.0,shopify,0,continue,manual,2199.00,,true,true,"",,,,,,,,,,,,,,,,,,,,,,,,,,,,,,,,,g,,,,,,,,,
flex-nano-frosted-logo-case-for-iphone-models,,,,,,,,,iPhone 13 Pro,,,Rose Gold,,,,,"",0.0,shopify,0,continue,manual,2199.00,,true,true,"",,,,,,,,,,,,,,,,,,,,,,,,,,,,,,,,https://cdn.shopify.com/s/files/1/0342/2027/7897/files/WhatsAppImage2025-01-15at3.49.55PM.jpg?v=1737205268,g,,,,,,,,,
flex-nano-frosted-logo-case-for-iphone-models,,,,,,,,,iPhone 13 Pro,,,Desert Brown,,,,,"",0.0,shopify,0,continue,manual,2199.00,,true,true,"",,,,,,,,,,,,,,,,,,,,,,,,,,,,,,,,https://cdn.shopify.com/s/files/1/0342/2027/7897/files/WhatsAppImage2025-01-15at3.49.55PM_1.jpg?v=1737205268,g,,,,,,,,,
flex-nano-frosted-logo-case-for-iphone-models,,,,,,,,,iPhone 13,,,Titanium,,,,,"",0.0,shopify,0,continue,manual,2199.00,,true,true,"",,,,,,,,,,,,,,,,,,,,,,,,,,,,,,,,,g,,,,,,,,,
flex-nano-frosted-logo-case-for-iphone-models,,,,,,,,,iPhone 13,,,Rose Gold,,,,,"",0.0,shopify,0,continue,manual,2199.00,,true,true,"",,,,,,,,,,,,,,,,,,,,,,,,,,,,,,,,https://cdn.shopify.com/s/files/1/0342/2027/7897/files/WhatsAppImage2025-01-15at3.49.55PM.jpg?v=1737205268,g,,,,,,,,,
flex-nano-frosted-logo-case-for-iphone-models,,,,,,,,,iPhone 13,,,Desert Brown,,,,,"",0.0,shopify,0,continue,manual,2199.00,,true,true,"",,,,,,,,,,,,,,,,,,,,,,,,,,,,,,,,https://cdn.shopify.com/s/files/1/0342/2027/7897/files/WhatsAppImage2025-01-15at3.49.55PM_1.jpg?v=1737205268,g,,,,,,,,,
flex-nano-frosted-logo-case-for-iphone-models,,,,,,,,,iPhone 12 Pro Max,,,Titanium,,,,,"",0.0,shopify,0,continue,manual,2199.00,,true,true,"",,,,,,,,,,,,,,,,,,,,,,,,,,,,,,,,,g,,,,,,,,,
flex-nano-frosted-logo-case-for-iphone-models,,,,,,,,,iPhone 12 Pro Max,,,Rose Gold,,,,,"",0.0,shopify,0,continue,manual,2199.00,,true,true,"",,,,,,,,,,,,,,,,,,,,,,,,,,,,,,,,https://cdn.shopify.com/s/files/1/0342/2027/7897/files/WhatsAppImage2025-01-15at3.49.55PM.jpg?v=1737205268,g,,,,,,,,,
flex-nano-frosted-logo-case-for-iphone-models,,,,,,,,,iPhone 12 Pro Max,,,Desert Brown,,,,,"",0.0,shopify,0,continue,manual,2199.00,,true,true,"",,,,,,,,,,,,,,,,,,,,,,,,,,,,,,,,https://cdn.shopify.com/s/files/1/0342/2027/7897/files/WhatsAppImage2025-01-15at3.49.55PM_1.jpg?v=1737205268,g,,,,,,,,,
flex-nano-frosted-logo-case-for-iphone-models,,,,,,,,,iPhone 12 Pro,,,Titanium,,,,,"",0.0,shopify,0,continue,manual,2199.00,,true,true,"",,,,,,,,,,,,,,,,,,,,,,,,,,,,,,,,,g,,,,,,,,,
flex-nano-frosted-logo-case-for-iphone-models,,,,,,,,,iPhone 12 Pro,,,Rose Gold,,,,,"",0.0,shopify,0,continue,manual,2199.00,,true,true,"",,,,,,,,,,,,,,,,,,,,,,,,,,,,,,,,https://cdn.shopify.com/s/files/1/0342/2027/7897/files/WhatsAppImage2025-01-15at3.49.55PM.jpg?v=1737205268,g,,,,,,,,,
flex-nano-frosted-logo-case-for-iphone-models,,,,,,,,,iPhone 12 Pro,,,Desert Brown,,,,,"",0.0,shopify,0,continue,manual,2199.00,,true,true,"",,,,,,,,,,,,,,,,,,,,,,,,,,,,,,,,https://cdn.shopify.com/s/files/1/0342/2027/7897/files/WhatsAppImage2025-01-15at3.49.55PM_1.jpg?v=1737205268,g,,,,,,,,,
flex-nano-frosted-logo-case-for-iphone-models,,,,,,,,,iPhone 12,,,Titanium,,,,,"",0.0,shopify,0,continue,manual,2199.00,,true,true,"",,,,,,,,,,,,,,,,,,,,,,,,,,,,,,,,,g,,,,,,,,,
flex-nano-frosted-logo-case-for-iphone-models,,,,,,,,,iPhone 12,,,Rose Gold,,,,,"",0.0,shopify,0,continue,manual,2199.00,,true,true,"",,,,,,,,,,,,,,,,,,,,,,,,,,,,,,,,https://cdn.shopify.com/s/files/1/0342/2027/7897/files/WhatsAppImage2025-01-15at3.49.55PM.jpg?v=1737205268,g,,,,,,,,,
flex-nano-frosted-logo-case-for-iphone-models,,,,,,,,,iPhone 12,,,Desert Brown,,,,,"",0.0,shopify,0,continue,manual,2199.00,,true,true,"",,,,,,,,,,,,,,,,,,,,,,,,,,,,,,,,https://cdn.shopify.com/s/files/1/0342/2027/7897/files/WhatsAppImage2025-01-15at3.49.55PM_1.jpg?v=1737205268,g,,,,,,,,,
flex-nano-frosted-logo-case-for-iphone-models,,,,,,,,,iPhone 11 Pro Max,,,Titanium,,,,,"",0.0,shopify,0,continue,manual,2199.00,,true,true,"",,,,,,,,,,,,,,,,,,,,,,,,,,,,,,,,,g,,,,,,,,,
flex-nano-frosted-logo-case-for-iphone-models,,,,,,,,,iPhone 11 Pro Max,,,Rose Gold,,,,,"",0.0,shopify,0,continue,manual,2199.00,,true,true,"",,,,,,,,,,,,,,,,,,,,,,,,,,,,,,,,https://cdn.shopify.com/s/files/1/0342/2027/7897/files/WhatsAppImage2025-01-15at3.49.55PM.jpg?v=1737205268,g,,,,,,,,,
flex-nano-frosted-logo-case-for-iphone-models,,,,,,,,,iPhone 11 Pro Max,,,Desert Brown,,,,,"",0.0,shopify,0,continue,manual,2199.00,,true,true,"",,,,,,,,,,,,,,,,,,,,,,,,,,,,,,,,https://cdn.shopify.com/s/files/1/0342/2027/7897/files/WhatsAppImage2025-01-15at3.49.55PM_1.jpg?v=1737205268,g,,,,,,,,,
flex-nano-frosted-logo-case-for-iphone-models,,,,,,,,,iPhone 11 Pro,,,Titanium,,,,,"",0.0,shopify,0,continue,manual,2199.00,,true,true,"",,,,,,,,,,,,,,,,,,,,,,,,,,,,,,,,,g,,,,,,,,,
flex-nano-frosted-logo-case-for-iphone-models,,,,,,,,,iPhone 11 Pro,,,Rose Gold,,,,,"",0.0,shopify,0,continue,manual,2199.00,,true,true,"",,,,,,,,,,,,,,,,,,,,,,,,,,,,,,,,https://cdn.shopify.com/s/files/1/0342/2027/7897/files/WhatsAppImage2025-01-15at3.49.55PM.jpg?v=1737205268,g,,,,,,,,,
flex-nano-frosted-logo-case-for-iphone-models,,,,,,,,,iPhone 11 Pro,,,Desert Brown,,,,,"",0.0,shopify,0,continue,manual,2199.00,,true,true,"",,,,,,,,,,,,,,,,,,,,,,,,,,,,,,,,https://cdn.shopify.com/s/files/1/0342/2027/7897/files/WhatsAppImage2025-01-15at3.49.55PM_1.jpg?v=1737205268,g,,,,,,,,,
flex-nano-frosted-logo-case-for-iphone-models,,,,,,,,,iPhone 11,,,Titanium,,,,,"",0.0,shopify,0,continue,manual,2199.00,,true,true,"",,,,,,,,,,,,,,,,,,,,,,,,,,,,,,,,,g,,,,,,,,,
flex-nano-frosted-logo-case-for-iphone-models,,,,,,,,,iPhone 11,,,Rose Gold,,,,,"",0.0,shopify,0,continue,manual,2199.00,,true,true,"",,,,,,,,,,,,,,,,,,,,,,,,,,,,,,,,https://cdn.shopify.com/s/files/1/0342/2027/7897/files/WhatsAppImage2025-01-15at3.49.55PM.jpg?v=1737205268,g,,,,,,,,,
flex-nano-frosted-logo-case-for-iphone-models,,,,,,,,,iPhone 11,,,Desert Brown,,,,,"",0.0,shopify,0,continue,manual,2199.00,,true,true,"",,,,,,,,,,,,,,,,,,,,,,,,,,,,,,,,https://cdn.shopify.com/s/files/1/0342/2027/7897/files/WhatsAppImage2025-01-15at3.49.55PM_1.jpg?v=1737205268,g,,,,,,,,,
flex-pearl-diamond-case-for-iphone-models,Flex Pearl Diamond Case for iPhone,"<ul>
<li>
<p><strong>Elegant Design</strong>: Features a luxurious, sparkling design with embedded pearl and diamond-like accents, giving your iPhone a sophisticated, high-end look.</p>
</li>
<li>
<p><strong>Premium Material</strong>: Crafted from durable materials such as hard plastic or TPU with faux pearl and diamond embellishments for both style and protection.</p>
</li>
<li>
<p><strong>Protection</strong>: Offers reliable protection from scratches, bumps, and minor drops while maintaining a sleek, stylish appearance.</p>
</li>
<li>
<p><strong>Enhanced Grip</strong>: Provides a secure grip thanks to its textured design, reducing the likelihood of accidental slips.</p>
</li>
<li>
<p><strong>Precise Cutouts</strong>: Features accurate cutouts for easy access to all buttons, ports, and camera, ensuring full functionality of the iPhone.</p>
</li>
<li>
<p><strong>Lightweight</strong>: Despite its elegant embellishments, the case remains lightweight, adding minimal bulk to your phone.</p>
</li>
<li>
<p><strong>Sparkling Effect</strong>: The pearl and diamond-like embellishments create a dazzling effect, making your phone stand out with a touch of glamour.</p>
</li>
<li>
<p><strong>Durability</strong>: Resistant to discoloration, fading, and everyday wear, ensuring that the case maintains its aesthetic appeal over time.</p>
</li>
<li>
<p><strong>Easy to Install and Remove</strong>: Flexible and user-friendly design allows for effortless installation and removal without damaging your phone.</p>
</li>
<li>
<p><strong>Fashionable Accessory</strong>: Ideal for users who want to add a touch of luxury and fashion to their iPhone while protecting it from damage.</p>
</li>
</ul>",Flex Shop,Electronics > Communications > Telephony > Mobile & Smart Phone Accessories > Mobile Phone Cases,Mobile Cover,"",true,Models,iPhone 16 Pro Max,,,,,,,,"",0.0,shopify,0,continue,manual,2199.00,2799.00,true,true,"",https://cdn.shopify.com/s/files/1/0342/2027/7897/files/WhatsAppImage2025-01-11at10.22.38PM.jpg?v=1737206343,1,"",false,,,2353,,,,,,,,,,,,,,,,,plastic; thermoplastic-polyurethane-tpu,back-cover,silver; pink,snug-fit,,,,,,g,,,true,,,true,,,active
flex-pearl-diamond-case-for-iphone-models,,,,,,,,,iPhone 16 Pro,,,,,,,,"",0.0,shopify,0,continue,manual,2199.00,2799.00,true,true,"",https://cdn.shopify.com/s/files/1/0342/2027/7897/files/WhatsAppImage2025-01-11at10.22.39PM_2.jpg?v=1737206343,2,"",,,,,,,,,,,,,,,,,,,,,,,,,,,,,,g,,,,,,,,,
flex-pearl-diamond-case-for-iphone-models,,,,,,,,,iPhone 16,,,,,,,,"",0.0,shopify,0,continue,manual,2199.00,2799.00,true,true,"",https://cdn.shopify.com/s/files/1/0342/2027/7897/files/WhatsAppImage2025-01-11at10.22.39PM_1.jpg?v=1737206343,3,"",,,,,,,,,,,,,,,,,,,,,,,,,,,,,,g,,,,,,,,,
flex-pearl-diamond-case-for-iphone-models,,,,,,,,,iPhone 15 Pro Max,,,,,,,,"",0.0,shopify,0,continue,manual,1799.00,2799.00,true,true,"",,,,,,,,,,,,,,,,,,,,,,,,,,,,,,,,,g,,,,,,,,,
flex-pearl-diamond-case-for-iphone-models,,,,,,,,,iPhone 15 Pro,,,,,,,,"",0.0,shopify,0,continue,manual,1799.00,2799.00,true,true,"",,,,,,,,,,,,,,,,,,,,,,,,,,,,,,,,,g,,,,,,,,,
flex-pearl-diamond-case-for-iphone-models,,,,,,,,,iPhone 15,,,,,,,,"",0.0,shopify,0,continue,manual,1799.00,2799.00,true,true,"",,,,,,,,,,,,,,,,,,,,,,,,,,,,,,,,,g,,,,,,,,,
flex-pearl-diamond-case-for-iphone-models,,,,,,,,,iPhone 14 Pro Max,,,,,,,,"",0.0,shopify,0,continue,manual,1799.00,2799.00,true,true,"",,,,,,,,,,,,,,,,,,,,,,,,,,,,,,,,,g,,,,,,,,,
flex-pearl-diamond-case-for-iphone-models,,,,,,,,,iPhone 14 Pro,,,,,,,,"",0.0,shopify,0,continue,manual,1799.00,2799.00,true,true,"",,,,,,,,,,,,,,,,,,,,,,,,,,,,,,,,,g,,,,,,,,,
flex-pearl-diamond-case-for-iphone-models,,,,,,,,,iPhone 14,,,,,,,,"",0.0,shopify,0,continue,manual,1799.00,2799.00,true,true,"",,,,,,,,,,,,,,,,,,,,,,,,,,,,,,,,,g,,,,,,,,,
flex-pearl-diamond-case-for-iphone-models,,,,,,,,,iPhone 13 Pro Max,,,,,,,,"",0.0,shopify,0,continue,manual,1799.00,2799.00,true,true,"",,,,,,,,,,,,,,,,,,,,,,,,,,,,,,,,,g,,,,,,,,,
flex-pearl-diamond-case-for-iphone-models,,,,,,,,,iPhone 13 Pro,,,,,,,,"",0.0,shopify,0,continue,manual,1799.00,2799.00,true,true,"",,,,,,,,,,,,,,,,,,,,,,,,,,,,,,,,,g,,,,,,,,,
flex-pearl-diamond-case-for-iphone-models,,,,,,,,,iPhone 13,,,,,,,,"",0.0,shopify,0,continue,manual,1799.00,2799.00,true,true,"",,,,,,,,,,,,,,,,,,,,,,,,,,,,,,,,,g,,,,,,,,,
flex-pearl-diamond-case-for-iphone-models,,,,,,,,,iPhone 12 Pro Max,,,,,,,,"",0.0,shopify,0,continue,manual,1799.00,2799.00,true,true,"",,,,,,,,,,,,,,,,,,,,,,,,,,,,,,,,,g,,,,,,,,,
flex-pearl-diamond-case-for-iphone-models,,,,,,,,,iPhone 12 / 12 Pro,,,,,,,,"",0.0,shopify,0,continue,manual,1799.00,2799.00,true,true,"",,,,,,,,,,,,,,,,,,,,,,,,,,,,,,,,,g,,,,,,,,,
flex-pearl-diamond-case-for-iphone-models,,,,,,,,,iPhone 11 Pro Max,,,,,,,,"",0.0,shopify,0,continue,manual,1799.00,2799.00,true,true,"",,,,,,,,,,,,,,,,,,,,,,,,,,,,,,,,,g,,,,,,,,,
flex-pearl-diamond-case-for-iphone-models,,,,,,,,,iPhone 11 Pro,,,,,,,,"",0.0,shopify,0,continue,manual,1799.00,2799.00,true,true,"",,,,,,,,,,,,,,,,,,,,,,,,,,,,,,,,,g,,,,,,,,,
flex-pearl-diamond-case-for-iphone-models,,,,,,,,,iPhone 11,,,,,,,,"",0.0,shopify,0,continue,manual,1799.00,2799.00,true,true,"",,,,,,,,,,,,,,,,,,,,,,,,,,,,,,,,,g,,,,,,,,,
flex-luxo-magsafe-case-for-iphone-models,Flex Luxo Magsafe Case For iPhone,"<p><strong>MagSafe Compatibility</strong>: The case is equipped with built-in magnets that align perfectly with MagSafe chargers and accessories, ensuring a secure connection and efficient wireless charging.</p>
<p><strong>Durable Protection</strong>: Constructed with anti-collision polymers, the case provides robust protection against accidental drops and impacts, safeguarding your iPhone from potential damage.</p>
<p><strong>Slim Profile and Comfortable Grip</strong>: Designed to be sleek and lightweight, the case maintains the iPhone's slim profile while offering a comfortable grip, making it easy to handle and carry.</p>
<p><strong>Scratch and Fingerprint Resistance</strong>: The matte finish of the case is engineered to resist scratches and fingerprints, keeping your iPhone looking clean and pristine.</p>
<p><strong>Precise Cutouts</strong>: The case features precise cutouts for easy access to all ports, buttons, and features of your iPhone, ensuring full functionality without removing the case.</p>
<div class=""relative inline-flex items-center""></div>",Flex Shop,Electronics > Communications > Telephony > Mobile & Smart Phone Accessories > Mobile Phone Cases,Mobile Cover,"",true,Models,iPhone 16 Pro Max,,Designs:,Designs: 1,,,,,"",0.0,shopify,-1,continue,manual,3999.00,4899.00,true,true,"",https://cdn.shopify.com/s/files/1/0342/2027/7897/files/01E7A925-C5C0-41CC-9E1D-4F5D8D7165B7_75d06e1c-bf3f-4374-ba6f-7b4b6a832d58.webp?v=1738412423,1,"",false,,,2353,,,,,,,,,,,,,,,,,plastic,back-cover,black; gray; geometric; striped; red; brown,anti-fingerprint,,,,,https://cdn.shopify.com/s/files/1/0342/2027/7897/files/01E7A925-C5C0-41CC-9E1D-4F5D8D7165B7_75d06e1c-bf3f-4374-ba6f-7b4b6a832d58.webp?v=1738412423,g,,,true,,,true,,,active
flex-luxo-magsafe-case-for-iphone-models,,,,,,,,,iPhone 16 Pro Max,,,Designs: 2,,,,,"",0.0,shopify,0,continue,manual,3999.00,4899.00,true,true,"",https://cdn.shopify.com/s/files/1/0342/2027/7897/files/456387264_527450866415891_2008696725539055142_n.jpg?v=1738412423,2,"",,,,,,,,,,,,,,,,,,,,,,,,,,,,,https://cdn.shopify.com/s/files/1/0342/2027/7897/files/1135B287-D6F8-4245-AD66-9F0CA48EAD5A_50a41966-8b4a-48ea-baf1-dd5fcc572960.webp?v=1738412423,g,,,,,,,,,
flex-luxo-magsafe-case-for-iphone-models,,,,,,,,,iPhone 16 Pro Max,,,Designs: 6,,,,,"",0.0,shopify,0,continue,manual,3999.00,4899.00,true,true,"",https://cdn.shopify.com/s/files/1/0342/2027/7897/files/1135B287-D6F8-4245-AD66-9F0CA48EAD5A_50a41966-8b4a-48ea-baf1-dd5fcc572960.webp?v=1738412423,3,"",,,,,,,,,,,,,,,,,,,,,,,,,,,,,https://cdn.shopify.com/s/files/1/0342/2027/7897/files/WhatsAppImage2025-02-01at4.00.37PM.jpg?v=1738412423,g,,,,,,,,,
flex-luxo-magsafe-case-for-iphone-models,,,,,,,,,iPhone 16 Pro Max,,,Designs: 7,,,,,"",0.0,shopify,0,continue,manual,3999.00,4899.00,true,true,"",https://cdn.shopify.com/s/files/1/0342/2027/7897/files/LM_3.webp?v=1738412423,4,"",,,,,,,,,,,,,,,,,,,,,,,,,,,,,https://cdn.shopify.com/s/files/1/0342/2027/7897/files/WhatsAppImage2025-02-01at4.00.41PM_1.jpg?v=1738412423,g,,,,,,,,,
flex-luxo-magsafe-case-for-iphone-models,,,,,,,,,iPhone 16 Pro Max,,,Designs:8,,,,,"",0.0,shopify,0,continue,manual,3999.00,4899.00,true,true,"",https://cdn.shopify.com/s/files/1/0342/2027/7897/files/LM_4.webp?v=1738412423,5,"",,,,,,,,,,,,,,,,,,,,,,,,,,,,,https://cdn.shopify.com/s/files/1/0342/2027/7897/files/WhatsAppImage2025-02-01at4.00.41PM_2.jpg?v=1738412423,g,,,,,,,,,
flex-luxo-magsafe-case-for-iphone-models,,,,,,,,,iPhone 16 Pro Max,,,Designs: 21,,,,,"",0.0,shopify,0,continue,manual,3999.00,4899.00,true,true,"",https://cdn.shopify.com/s/files/1/0342/2027/7897/files/WhatsAppImage2025-02-01at4.00.37PM.jpg?v=1738412423,6,"",,,,,,,,,,,,,,,,,,,,,,,,,,,,,https://cdn.shopify.com/s/files/1/0342/2027/7897/files/WhatsAppImage2025-02-01at4.00.43PM.jpg?v=1738412423,g,,,,,,,,,
flex-luxo-magsafe-case-for-iphone-models,,,,,,,,,iPhone 16 Pro Max,,,Designs: 22,,,,,"",0.0,shopify,0,continue,manual,3999.00,4899.00,true,true,"",https://cdn.shopify.com/s/files/1/0342/2027/7897/files/WhatsAppImage2025-02-01at4.00.41PM_1.jpg?v=1738412423,7,"",,,,,,,,,,,,,,,,,,,,,,,,,,,,,https://cdn.shopify.com/s/files/1/0342/2027/7897/files/WhatsAppImage2025-02-01at4.00.43PM_1.jpg?v=1738412423,g,,,,,,,,,
flex-luxo-magsafe-case-for-iphone-models,,,,,,,,,iPhone 16 Pro Max,,,Designs: 23,,,,,"",0.0,shopify,0,continue,manual,3999.00,4899.00,true,true,"",https://cdn.shopify.com/s/files/1/0342/2027/7897/files/WhatsAppImage2025-02-01at4.00.41PM_2.jpg?v=1738412423,8,"",,,,,,,,,,,,,,,,,,,,,,,,,,,,,https://cdn.shopify.com/s/files/1/0342/2027/7897/files/WhatsAppImage2025-02-01at4.00.42PM.jpg?v=1738412423,g,,,,,,,,,
flex-luxo-magsafe-case-for-iphone-models,,,,,,,,,iPhone 16 Pro Max,,,Designs: 24,,,,,"",0.0,shopify,0,continue,manual,3999.00,4899.00,true,true,"",https://cdn.shopify.com/s/files/1/0342/2027/7897/files/WhatsAppImage2025-02-01at4.00.42PM_1.jpg?v=1738412423,9,"",,,,,,,,,,,,,,,,,,,,,,,,,,,,,https://cdn.shopify.com/s/files/1/0342/2027/7897/files/WhatsAppImage2025-02-01at4.00.42PM_2.jpg?v=1738412423,g,,,,,,,,,
flex-luxo-magsafe-case-for-iphone-models,,,,,,,,,iPhone 16 Pro Max,,,Designs: 25,,,,,"",0.0,shopify,0,continue,manual,3999.00,4899.00,true,true,"",https://cdn.shopify.com/s/files/1/0342/2027/7897/files/WhatsAppImage2025-02-01at4.00.42PM_2.jpg?v=1738412423,10,"",,,,,,,,,,,,,,,,,,,,,,,,,,,,,https://cdn.shopify.com/s/files/1/0342/2027/7897/files/WhatsAppImage2025-02-01at4.00.42PM_1.jpg?v=1738412423,g,,,,,,,,,
flex-luxo-magsafe-case-for-iphone-models,,,,,,,,,iPhone 16 Pro,,,Designs: 1,,,,,"",0.0,shopify,0,continue,manual,3999.00,4899.00,true,true,"",https://cdn.shopify.com/s/files/1/0342/2027/7897/files/WhatsAppImage2025-02-01at4.00.42PM.jpg?v=1738412423,11,"",,,,,,,,,,,,,,,,,,,,,,,,,,,,,https://cdn.shopify.com/s/files/1/0342/2027/7897/files/01E7A925-C5C0-41CC-9E1D-4F5D8D7165B7_75d06e1c-bf3f-4374-ba6f-7b4b6a832d58.webp?v=1738412423,g,,,,,,,,,
flex-luxo-magsafe-case-for-iphone-models,,,,,,,,,iPhone 16 Pro,,,Designs:8,,,,,"",0.0,shopify,0,continue,manual,3999.00,4899.00,true,true,"",https://cdn.shopify.com/s/files/1/0342/2027/7897/files/WhatsAppImage2025-02-01at4.00.43PM_1.jpg?v=1738412423,12,"",,,,,,,,,,,,,,,,,,,,,,,,,,,,,https://cdn.shopify.com/s/files/1/0342/2027/7897/files/WhatsAppImage2025-02-01at4.00.41PM_2.jpg?v=1738412423,g,,,,,,,,,
flex-luxo-magsafe-case-for-iphone-models,,,,,,,,,iPhone 16 Pro,,,Designs: 21,,,,,"",0.0,shopify,0,continue,manual,3999.00,4899.00,true,true,"",https://cdn.shopify.com/s/files/1/0342/2027/7897/files/WhatsAppImage2025-02-01at4.00.43PM.jpg?v=1738412423,13,"",,,,,,,,,,,,,,,,,,,,,,,,,,,,,https://cdn.shopify.com/s/files/1/0342/2027/7897/files/WhatsAppImage2025-02-01at4.00.43PM.jpg?v=1738412423,g,,,,,,,,,
flex-luxo-magsafe-case-for-iphone-models,,,,,,,,,iPhone 16 Pro,,,Designs: 22,,,,,"",0.0,shopify,0,continue,manual,3999.00,4899.00,true,true,"",https://cdn.shopify.com/s/files/1/0342/2027/7897/files/WhatsApp_Image_2025-01-11_at_7.17.18_PM.jpg?v=1738412423,14,"",,,,,,,,,,,,,,,,,,,,,,,,,,,,,https://cdn.shopify.com/s/files/1/0342/2027/7897/files/WhatsAppImage2025-02-01at4.00.43PM_1.jpg?v=1738412423,g,,,,,,,,,
flex-luxo-magsafe-case-for-iphone-models,,,,,,,,,iPhone 16 Pro,,,Designs: 23,,,,,"",0.0,shopify,0,continue,manual,3999.00,4899.00,true,true,"",https://cdn.shopify.com/s/files/1/0342/2027/7897/files/WhatsApp_Image_2025-01-11_at_7.17.19_PM_1.jpg?v=1738412423,15,"",,,,,,,,,,,,,,,,,,,,,,,,,,,,,https://cdn.shopify.com/s/files/1/0342/2027/7897/files/WhatsAppImage2025-02-01at4.00.42PM.jpg?v=1738412423,g,,,,,,,,,
flex-luxo-magsafe-case-for-iphone-models,,,,,,,,,iPhone 16 Pro,,,Designs: 24,,,,,"",0.0,shopify,0,continue,manual,3999.00,4899.00,true,true,"",https://cdn.shopify.com/s/files/1/0342/2027/7897/files/WhatsApp_Image_2025-01-11_at_7.17.20_PM_1.jpg?v=1738412423,16,"",,,,,,,,,,,,,,,,,,,,,,,,,,,,,https://cdn.shopify.com/s/files/1/0342/2027/7897/files/WhatsAppImage2025-02-01at4.00.42PM_2.jpg?v=1738412423,g,,,,,,,,,
flex-luxo-magsafe-case-for-iphone-models,,,,,,,,,iPhone 15 Pro Max,,,Designs: 1,,,,,"",0.0,shopify,0,continue,manual,3499.00,4899.00,true,true,"",https://cdn.shopify.com/s/files/1/0342/2027/7897/files/WhatsAppImage2024-11-25at11.22.41PM.jpg?v=1738412423,17,"",,,,,,,,,,,,,,,,,,,,,,,,,,,,,https://cdn.shopify.com/s/files/1/0342/2027/7897/files/01E7A925-C5C0-41CC-9E1D-4F5D8D7165B7_75d06e1c-bf3f-4374-ba6f-7b4b6a832d58.webp?v=1738412423,g,,,,,,,,,
flex-luxo-magsafe-case-for-iphone-models,,,,,,,,,iPhone 15 Pro Max,,,Designs: 2,,,,,"",0.0,shopify,0,continue,manual,3499.00,4899.00,true,true,"",https://cdn.shopify.com/s/files/1/0342/2027/7897/files/WhatsAppImage2024-11-25at11.22.56PM.jpg?v=1738412423,18,"",,,,,,,,,,,,,,,,,,,,,,,,,,,,,https://cdn.shopify.com/s/files/1/0342/2027/7897/files/1135B287-D6F8-4245-AD66-9F0CA48EAD5A_50a41966-8b4a-48ea-baf1-dd5fcc572960.webp?v=1738412423,g,,,,,,,,,
flex-luxo-magsafe-case-for-iphone-models,,,,,,,,,iPhone 15 Pro Max,,,Designs: 3,,,,,"",0.0,shopify,0,continue,manual,3499.00,4899.00,true,true,"",https://cdn.shopify.com/s/files/1/0342/2027/7897/files/WhatsAppImage2024-11-25at11.23.09PM.jpg?v=1738412423,19,"",,,,,,,,,,,,,,,,,,,,,,,,,,,,,https://cdn.shopify.com/s/files/1/0342/2027/7897/files/456387264_527450866415891_2008696725539055142_n.jpg?v=1738412423,g,,,,,,,,,
flex-luxo-magsafe-case-for-iphone-models,,,,,,,,,iPhone 15 Pro Max,,,Designs: 5,,,,,"",0.0,shopify,0,continue,manual,3499.00,4899.00,true,true,"",https://cdn.shopify.com/s/files/1/0342/2027/7897/files/WhatsAppImage2024-11-25at11.24.17PM.jpg?v=1738412423,20,"",,,,,,,,,,,,,,,,,,,,,,,,,,,,,https://cdn.shopify.com/s/files/1/0342/2027/7897/files/LM_4.webp?v=1738412423,g,,,,,,,,,
flex-luxo-magsafe-case-for-iphone-models,,,,,,,,,iPhone 15 Pro Max,,,Designs: 6,,,,,"",0.0,shopify,0,continue,manual,3499.00,4899.00,true,true,"",https://cdn.shopify.com/s/files/1/0342/2027/7897/files/WhatsAppImage2024-11-25at11.30.38PM.jpg?v=1738412423,21,"",,,,,,,,,,,,,,,,,,,,,,,,,,,,,https://cdn.shopify.com/s/files/1/0342/2027/7897/files/WhatsAppImage2025-02-01at4.00.37PM.jpg?v=1738412423,g,,,,,,,,,
flex-luxo-magsafe-case-for-iphone-models,,,,,,,,,iPhone 15 Pro Max,,,Designs: 7,,,,,"",0.0,shopify,0,continue,manual,3499.00,4899.00,true,true,"",https://cdn.shopify.com/s/files/1/0342/2027/7897/files/WhatsAppImage2024-11-25at11.30.49PM.jpg?v=1738412423,22,"",,,,,,,,,,,,,,,,,,,,,,,,,,,,,https://cdn.shopify.com/s/files/1/0342/2027/7897/files/WhatsAppImage2025-02-01at4.00.41PM_1.jpg?v=1738412423,g,,,,,,,,,
flex-luxo-magsafe-case-for-iphone-models,,,,,,,,,iPhone 15 Pro Max,,,Designs:8,,,,,"",0.0,shopify,0,continue,manual,3499.00,4899.00,true,true,"",https://cdn.shopify.com/s/files/1/0342/2027/7897/files/WhatsAppImage2024-11-25at11.31.03PM.jpg?v=1738412423,23,"",,,,,,,,,,,,,,,,,,,,,,,,,,,,,https://cdn.shopify.com/s/files/1/0342/2027/7897/files/WhatsAppImage2025-02-01at4.00.41PM_2.jpg?v=1738412423,g,,,,,,,,,
flex-luxo-magsafe-case-for-iphone-models,,,,,,,,,iPhone 15 Pro Max,,,Designs: 9,,,,,"",0.0,shopify,0,continue,manual,3499.00,4899.00,true,true,"",https://cdn.shopify.com/s/files/1/0342/2027/7897/files/WhatsAppImage2024-11-25at11.31.17PM.jpg?v=1738412423,24,"",,,,,,,,,,,,,,,,,,,,,,,,,,,,,https://cdn.shopify.com/s/files/1/0342/2027/7897/files/WhatsAppImage2024-11-25at11.30.38PM.jpg?v=1738412423,g,,,,,,,,,
flex-luxo-magsafe-case-for-iphone-models,,,,,,,,,iPhone 15 Pro Max,,,Designs: 10,,,,,"",0.0,shopify,0,continue,manual,3499.00,4899.00,true,true,"",https://cdn.shopify.com/s/files/1/0342/2027/7897/files/WhatsAppImage2024-11-25at11.31.33PM.jpg?v=1738412423,25,"",,,,,,,,,,,,,,,,,,,,,,,,,,,,,https://cdn.shopify.com/s/files/1/0342/2027/7897/files/WhatsAppImage2024-11-25at11.30.49PM.jpg?v=1738412423,g,,,,,,,,,
flex-luxo-magsafe-case-for-iphone-models,,,,,,,,,iPhone 15 Pro Max,,,Designs: 11,,,,,"",0.0,shopify,0,continue,manual,3499.00,4899.00,true,true,"",https://cdn.shopify.com/s/files/1/0342/2027/7897/files/WhatsAppImage2024-11-25at11.32.05PM.jpg?v=1738412423,26,"",,,,,,,,,,,,,,,,,,,,,,,,,,,,,https://cdn.shopify.com/s/files/1/0342/2027/7897/files/WhatsAppImage2024-11-25at11.31.03PM.jpg?v=1738412423,g,,,,,,,,,
flex-luxo-magsafe-case-for-iphone-models,,,,,,,,,iPhone 15 Pro Max,,,Designs: 12,,,,,"",0.0,shopify,0,continue,manual,3499.00,4899.00,true,true,"",,,,,,,,,,,,,,,,,,,,,,,,,,,,,,,,https://cdn.shopify.com/s/files/1/0342/2027/7897/files/WhatsAppImage2024-11-25at11.31.33PM.jpg?v=1738412423,g,,,,,,,,,
flex-luxo-magsafe-case-for-iphone-models,,,,,,,,,iPhone 15 Pro Max,,,Designs: 13,,,,,"",0.0,shopify,0,continue,manual,3499.00,4899.00,true,true,"",,,,,,,,,,,,,,,,,,,,,,,,,,,,,,,,https://cdn.shopify.com/s/files/1/0342/2027/7897/files/WhatsAppImage2024-11-25at11.31.17PM.jpg?v=1738412423,g,,,,,,,,,
flex-luxo-magsafe-case-for-iphone-models,,,,,,,,,iPhone 15 Pro Max,,,Designs: 14,,,,,"",0.0,shopify,0,continue,manual,3499.00,4899.00,true,true,"",,,,,,,,,,,,,,,,,,,,,,,,,,,,,,,,https://cdn.shopify.com/s/files/1/0342/2027/7897/files/WhatsAppImage2024-11-25at11.32.05PM.jpg?v=1738412423,g,,,,,,,,,
flex-luxo-magsafe-case-for-iphone-models,,,,,,,,,iPhone 15 Pro Max,,,Designs: 15,,,,,"",0.0,shopify,0,continue,manual,3499.00,4899.00,true,true,"",,,,,,,,,,,,,,,,,,,,,,,,,,,,,,,,https://cdn.shopify.com/s/files/1/0342/2027/7897/files/WhatsAppImage2024-11-25at11.24.17PM.jpg?v=1738412423,g,,,,,,,,,
flex-luxo-magsafe-case-for-iphone-models,,,,,,,,,iPhone 15 Pro Max,,,Designs: 16,,,,,"",0.0,shopify,0,continue,manual,3499.00,4899.00,true,true,"",,,,,,,,,,,,,,,,,,,,,,,,,,,,,,,,https://cdn.shopify.com/s/files/1/0342/2027/7897/files/WhatsAppImage2024-11-25at11.22.56PM.jpg?v=1738412423,g,,,,,,,,,
flex-luxo-magsafe-case-for-iphone-models,,,,,,,,,iPhone 15 Pro Max,,,Designs: 17,,,,,"",0.0,shopify,0,continue,manual,3499.00,4899.00,true,true,"",,,,,,,,,,,,,,,,,,,,,,,,,,,,,,,,https://cdn.shopify.com/s/files/1/0342/2027/7897/files/WhatsAppImage2024-11-25at11.22.41PM.jpg?v=1738412423,g,,,,,,,,,
flex-luxo-magsafe-case-for-iphone-models,,,,,,,,,iPhone 15 Pro Max,,,Designs: 18,,,,,"",0.0,shopify,0,continue,manual,3499.00,4899.00,true,true,"",,,,,,,,,,,,,,,,,,,,,,,,,,,,,,,,https://cdn.shopify.com/s/files/1/0342/2027/7897/files/WhatsApp_Image_2025-01-11_at_7.17.20_PM_1.jpg?v=1738412423,g,,,,,,,,,
flex-luxo-magsafe-case-for-iphone-models,,,,,,,,,iPhone 15 Pro Max,,,Designs: 19,,,,,"",0.0,shopify,0,continue,manual,3499.00,4899.00,true,true,"",,,,,,,,,,,,,,,,,,,,,,,,,,,,,,,,https://cdn.shopify.com/s/files/1/0342/2027/7897/files/WhatsApp_Image_2025-01-11_at_7.17.19_PM_1.jpg?v=1738412423,g,,,,,,,,,
flex-luxo-magsafe-case-for-iphone-models,,,,,,,,,iPhone 15 Pro Max,,,Designs: 20,,,,,"",0.0,shopify,0,continue,manual,3499.00,4899.00,true,true,"",,,,,,,,,,,,,,,,,,,,,,,,,,,,,,,,https://cdn.shopify.com/s/files/1/0342/2027/7897/files/WhatsApp_Image_2025-01-11_at_7.17.18_PM.jpg?v=1738412423,g,,,,,,,,,
flex-luxo-magsafe-case-for-iphone-models,,,,,,,,,iPhone 15 Pro,,,Designs: 1,,,,,"",0.0,shopify,0,continue,manual,3499.00,4899.00,true,true,"",,,,,,,,,,,,,,,,,,,,,,,,,,,,,,,,https://cdn.shopify.com/s/files/1/0342/2027/7897/files/01E7A925-C5C0-41CC-9E1D-4F5D8D7165B7_75d06e1c-bf3f-4374-ba6f-7b4b6a832d58.webp?v=1738412423,g,,,,,,,,,
flex-luxo-magsafe-case-for-iphone-models,,,,,,,,,iPhone 15 Pro,,,Designs: 2,,,,,"",0.0,shopify,0,continue,manual,3499.00,4899.00,true,true,"",,,,,,,,,,,,,,,,,,,,,,,,,,,,,,,,https://cdn.shopify.com/s/files/1/0342/2027/7897/files/1135B287-D6F8-4245-AD66-9F0CA48EAD5A_50a41966-8b4a-48ea-baf1-dd5fcc572960.webp?v=1738412423,g,,,,,,,,,
flex-luxo-magsafe-case-for-iphone-models,,,,,,,,,iPhone 15 Pro,,,Designs: 4,,,,,"",0.0,shopify,0,continue,manual,3499.00,4899.00,true,true,"",,,,,,,,,,,,,,,,,,,,,,,,,,,,,,,,https://cdn.shopify.com/s/files/1/0342/2027/7897/files/LM_3.webp?v=1738412423,g,,,,,,,,,
flex-luxo-magsafe-case-for-iphone-models,,,,,,,,,iPhone 15 Pro,,,Designs: 9,,,,,"",0.0,shopify,0,continue,manual,3499.00,4899.00,true,true,"",,,,,,,,,,,,,,,,,,,,,,,,,,,,,,,,https://cdn.shopify.com/s/files/1/0342/2027/7897/files/WhatsAppImage2024-11-25at11.30.38PM.jpg?v=1738412423,g,,,,,,,,,
flex-luxo-magsafe-case-for-iphone-models,,,,,,,,,iPhone 15 Pro,,,Designs: 11,,,,,"",0.0,shopify,0,continue,manual,3499.00,4899.00,true,true,"",,,,,,,,,,,,,,,,,,,,,,,,,,,,,,,,https://cdn.shopify.com/s/files/1/0342/2027/7897/files/WhatsAppImage2024-11-25at11.31.03PM.jpg?v=1738412423,g,,,,,,,,,
flex-luxo-magsafe-case-for-iphone-models,,,,,,,,,iPhone 15 Pro,,,Designs: 12,,,,,"",0.0,shopify,0,continue,manual,3499.00,4899.00,true,true,"",,,,,,,,,,,,,,,,,,,,,,,,,,,,,,,,https://cdn.shopify.com/s/files/1/0342/2027/7897/files/WhatsAppImage2024-11-25at11.31.33PM.jpg?v=1738412423,g,,,,,,,,,
flex-luxo-magsafe-case-for-iphone-models,,,,,,,,,iPhone 15 Pro,,,Designs: 13,,,,,"",0.0,shopify,0,continue,manual,3499.00,4899.00,true,true,"",,,,,,,,,,,,,,,,,,,,,,,,,,,,,,,,https://cdn.shopify.com/s/files/1/0342/2027/7897/files/WhatsAppImage2024-11-25at11.31.17PM.jpg?v=1738412423,g,,,,,,,,,
flex-luxo-magsafe-case-for-iphone-models,,,,,,,,,iPhone 15 Pro,,,Designs: 14,,,,,"",0.0,shopify,0,continue,manual,3499.00,4899.00,true,true,"",,,,,,,,,,,,,,,,,,,,,,,,,,,,,,,,https://cdn.shopify.com/s/files/1/0342/2027/7897/files/WhatsAppImage2024-11-25at11.32.05PM.jpg?v=1738412423,g,,,,,,,,,
flex-luxo-magsafe-case-for-iphone-models,,,,,,,,,iPhone 15 Pro,,,Designs: 16,,,,,"",0.0,shopify,0,continue,manual,3499.00,4899.00,true,true,"",,,,,,,,,,,,,,,,,,,,,,,,,,,,,,,,https://cdn.shopify.com/s/files/1/0342/2027/7897/files/WhatsAppImage2024-11-25at11.22.56PM.jpg?v=1738412423,g,,,,,,,,,
flex-luxo-magsafe-case-for-iphone-models,,,,,,,,,iPhone 15 Pro,,,Designs: 17,,,,,"",0.0,shopify,0,continue,manual,3499.00,4899.00,true,true,"",,,,,,,,,,,,,,,,,,,,,,,,,,,,,,,,https://cdn.shopify.com/s/files/1/0342/2027/7897/files/WhatsAppImage2024-11-25at11.22.41PM.jpg?v=1738412423,g,,,,,,,,,
flex-luxo-magsafe-case-for-iphone-models,,,,,,,,,iPhone 15 Pro,,,Designs: 19,,,,,"",0.0,shopify,0,continue,manual,3499.00,4899.00,true,true,"",,,,,,,,,,,,,,,,,,,,,,,,,,,,,,,,https://cdn.shopify.com/s/files/1/0342/2027/7897/files/WhatsApp_Image_2025-01-11_at_7.17.19_PM_1.jpg?v=1738412423,g,,,,,,,,,
flex-luxo-magsafe-case-for-iphone-models,,,,,,,,,iPhone 14 Pro Max,,,Designs: 3,,,,,"",0.0,shopify,0,continue,manual,3499.00,4899.00,true,true,"",,,,,,,,,,,,,,,,,,,,,,,,,,,,,,,,https://cdn.shopify.com/s/files/1/0342/2027/7897/files/456387264_527450866415891_2008696725539055142_n.jpg?v=1738412423,g,,,,,,,,,
flex-luxo-magsafe-case-for-iphone-models,,,,,,,,,iPhone 14 Pro Max,,,Designs: 11,,,,,"",0.0,shopify,0,continue,manual,3499.00,4899.00,true,true,"",,,,,,,,,,,,,,,,,,,,,,,,,,,,,,,,https://cdn.shopify.com/s/files/1/0342/2027/7897/files/WhatsAppImage2024-11-25at11.31.03PM.jpg?v=1738412423,g,,,,,,,,,
flex-luxo-magsafe-case-for-iphone-models,,,,,,,,,iPhone 14 Pro Max,,,Designs: 12,,,,,"",0.0,shopify,0,continue,manual,3499.00,4899.00,true,true,"",,,,,,,,,,,,,,,,,,,,,,,,,,,,,,,,https://cdn.shopify.com/s/files/1/0342/2027/7897/files/WhatsAppImage2024-11-25at11.31.33PM.jpg?v=1738412423,g,,,,,,,,,
flex-luxo-magsafe-case-for-iphone-models,,,,,,,,,iPhone 14 Pro Max,,,Designs: 15,,,,,"",0.0,shopify,0,continue,manual,3499.00,4899.00,true,true,"",,,,,,,,,,,,,,,,,,,,,,,,,,,,,,,,https://cdn.shopify.com/s/files/1/0342/2027/7897/files/WhatsAppImage2024-11-25at11.24.17PM.jpg?v=1738412423,g,,,,,,,,,
flex-luxo-magsafe-case-for-iphone-models,,,,,,,,,iPhone 14 Pro Max,,,Designs: 17,,,,,"",0.0,shopify,0,continue,manual,3499.00,4899.00,true,true,"",,,,,,,,,,,,,,,,,,,,,,,,,,,,,,,,https://cdn.shopify.com/s/files/1/0342/2027/7897/files/WhatsAppImage2024-11-25at11.22.41PM.jpg?v=1738412423,g,,,,,,,,,
flex-luxo-magsafe-case-for-iphone-models,,,,,,,,,iPhone 14 Pro Max,,,Designs: 20,,,,,"",0.0,shopify,0,continue,manual,3499.00,4899.00,true,true,"",,,,,,,,,,,,,,,,,,,,,,,,,,,,,,,,https://cdn.shopify.com/s/files/1/0342/2027/7897/files/WhatsApp_Image_2025-01-11_at_7.17.18_PM.jpg?v=1738412423,g,,,,,,,,,
flex-luxo-magsafe-case-for-iphone-models,,,,,,,,,iPhone 12 Pro Max,,,Designs: 12,,,,,"",0.0,shopify,0,continue,manual,2499.00,4899.00,true,true,"",,,,,,,,,,,,,,,,,,,,,,,,,,,,,,,,https://cdn.shopify.com/s/files/1/0342/2027/7897/files/WhatsAppImage2024-11-25at11.31.33PM.jpg?v=1738412423,g,,,,,,,,,
flex-luxo-magsafe-case-for-iphone-models,,,,,,,,,iPhone 12 Pro Max,,,Designs: 16,,,,,"",0.0,shopify,0,continue,manual,2499.00,4899.00,true,true,"",,,,,,,,,,,,,,,,,,,,,,,,,,,,,,,,https://cdn.shopify.com/s/files/1/0342/2027/7897/files/WhatsAppImage2024-11-25at11.22.56PM.jpg?v=1738412423,g,,,,,,,,,
flex-luxo-magsafe-case-for-iphone-models,,,,,,,,,iPhone 12 Pro Max,,,Designs: 17,,,,,"",0.0,shopify,0,continue,manual,2499.00,4899.00,true,true,"",,,,,,,,,,,,,,,,,,,,,,,,,,,,,,,,https://cdn.shopify.com/s/files/1/0342/2027/7897/files/WhatsAppImage2024-11-25at11.22.41PM.jpg?v=1738412423,g,,,,,,,,,
flex-luxo-magsafe-case-for-iphone-models,,,,,,,,,iPhone 11,,,Designs: 1,,,,,"",0.0,shopify,0,continue,manual,2499.00,4899.00,true,true,"",,,,,,,,,,,,,,,,,,,,,,,,,,,,,,,,https://cdn.shopify.com/s/files/1/0342/2027/7897/files/01E7A925-C5C0-41CC-9E1D-4F5D8D7165B7_75d06e1c-bf3f-4374-ba6f-7b4b6a832d58.webp?v=1738412423,g,,,,,,,,,
flex-luxo-magsafe-case-for-iphone-models,,,,,,,,,iPhone 11,,,Designs: 16,,,,,"",0.0,shopify,0,continue,manual,2499.00,4899.00,true,true,"",,,,,,,,,,,,,,,,,,,,,,,,,,,,,,,,https://cdn.shopify.com/s/files/1/0342/2027/7897/files/WhatsAppImage2024-11-25at11.22.56PM.jpg?v=1738412423,g,,,,,,,,,
flex-luxo-magsafe-case-for-iphone-models,,,,,,,,,iPhone 11,,,Designs: 17,,,,,"",0.0,shopify,0,continue,manual,2499.00,4899.00,true,true,"",,,,,,,,,,,,,,,,,,,,,,,,,,,,,,,,https://cdn.shopify.com/s/files/1/0342/2027/7897/files/WhatsAppImage2024-11-25at11.22.41PM.jpg?v=1738412423,g,,,,,,,,,
acrylic-crystal-clear-case-for-iphone-16-pro-max,Acrylic Crystal Clear Case For Iphone 16 Pro Max,"<ul>
<li>Dual layer lightweight material protects your phone.</li>
<li>Non-slip silicone edges make your phone easy to grip.</li>
<li>Vivid Prints and Sharp details.</li>
<li>Slim and sleek which dont make your mobile bulky.</li>
</ul>",flex,Uncategorized,"",iPhone 16 pro max,true,Title,Default Title,,,,,,,,,0.0,shopify,-19,continue,manual,1799.00,1899.00,true,false,,https://cdn.shopify.com/s/files/1/0342/2027/7897/files/IMG_3442.jpg?v=1738418089,1,"",false,,,,,,,,,,,,,,,,,,,,,,,,,,,,,g,,520.00,true,,,true,,,active
acrylic-crystal-clear-case-for-iphone-16-pro-max,,,,,,,,,,,,,,,,,,,,,,,,,,,,https://cdn.shopify.com/s/files/1/0342/2027/7897/files/case_05e5deab-fe29-4287-a850-c190dcc4abfb.jpg?v=1738417668,2,Acrylic Crystal Clear Case For Iphone - Flex,,,,,,,,,,,,,,,,,,,,,,,,,,,,,,,,,,,,,,,
acrylic-crystal-clear-case-for-iphone-16-pro-max,,,,,,,,,,,,,,,,,,,,,,,,,,,,https://cdn.shopify.com/s/files/1/0342/2027/7897/files/AcrylicPlain_dcc8a8c2-daf1-4244-97c4-2cdad4833380.png?v=1738417668,3,Acrylic Crystal Clear Case For Iphone - Flex,,,,,,,,,,,,,,,,,,,,,,,,,,,,,,,,,,,,,,,
acrylic-crystal-clear-case-for-iphone-16-pro,Acrylic Crystal Clear Case For Iphone 16 Pro,"<ul>
<li>Dual layer lightweight material protects your phone.</li>
<li>Non-slip silicone edges make your phone easy to grip.</li>
<li>Vivid Prints and Sharp details.</li>
<li>Slim and sleek which dont make your mobile bulky.</li>
</ul>",flex,Uncategorized,"",iPhone 16 pro,true,Title,Default Title,,,,,,,,,0.0,shopify,-19,continue,manual,1799.00,1899.00,true,false,,https://cdn.shopify.com/s/files/1/0342/2027/7897/files/IMG_3442.jpg?v=1738418089,1,"",false,,,,,,,,,,,,,,,,,,,,,,,,,,,,,g,,520.00,true,,,true,,,active
acrylic-crystal-clear-case-for-iphone-16-pro,,,,,,,,,,,,,,,,,,,,,,,,,,,,https://cdn.shopify.com/s/files/1/0342/2027/7897/files/case_05e5deab-fe29-4287-a850-c190dcc4abfb.jpg?v=1738417668,2,Acrylic Crystal Clear Case For Iphone - Flex,,,,,,,,,,,,,,,,,,,,,,,,,,,,,,,,,,,,,,,
acrylic-crystal-clear-case-for-iphone-16-pro,,,,,,,,,,,,,,,,,,,,,,,,,,,,https://cdn.shopify.com/s/files/1/0342/2027/7897/files/AcrylicPlain_dcc8a8c2-daf1-4244-97c4-2cdad4833380.png?v=1738417668,3,Acrylic Crystal Clear Case For Iphone - Flex,,,,,,,,,,,,,,,,,,,,,,,,,,,,,,,,,,,,,,,
acrylic-crystal-clear-case-for-iphone-16,Acrylic Crystal Clear Case For Iphone 16,"<ul>
<li>Dual layer lightweight material protects your phone.</li>
<li>Non-slip silicone edges make your phone easy to grip.</li>
<li>Vivid Prints and Sharp details.</li>
<li>Slim and sleek which dont make your mobile bulky.</li>
</ul>",flex,Uncategorized,"",iPhone 16,true,Title,Default Title,,,,,,,,,0.0,shopify,-18,continue,manual,1799.00,1899.00,true,false,,https://cdn.shopify.com/s/files/1/0342/2027/7897/files/IMG_3442.jpg?v=1738418089,1,"",false,,,,,,,,,,,,,,,,,,,,,,,,,,,,,g,,520.00,true,,,true,,,active
acrylic-crystal-clear-case-for-iphone-16,,,,,,,,,,,,,,,,,,,,,,,,,,,,https://cdn.shopify.com/s/files/1/0342/2027/7897/files/71ULGJc0dVL.jpg?v=1738418089,2,"",,,,,,,,,,,,,,,,,,,,,,,,,,,,,,,,,,,,,,,
acrylic-crystal-clear-case-for-iphone-16,,,,,,,,,,,,,,,,,,,,,,,,,,,,https://cdn.shopify.com/s/files/1/0342/2027/7897/files/case_05e5deab-fe29-4287-a850-c190dcc4abfb.jpg?v=1738417668,3,Acrylic Crystal Clear Case For Iphone - Flex,,,,,,,,,,,,,,,,,,,,,,,,,,,,,,,,,,,,,,,
acrylic-crystal-clear-case-for-iphone-16,,,,,,,,,,,,,,,,,,,,,,,,,,,,https://cdn.shopify.com/s/files/1/0342/2027/7897/files/AcrylicPlain_dcc8a8c2-daf1-4244-97c4-2cdad4833380.png?v=1738417668,4,Acrylic Crystal Clear Case For Iphone - Flex,,,,,,,,,,,,,,,,,,,,,,,,,,,,,,,,,,,,,,,
flex-electroplated-snake-case-for-iphone-models,Flex Electroplated Snake Case for iPhone,"<p>✅ <strong>Premium Electroplated Finish</strong> – Gives a sleek, metallic look while adding durability.<br>✅ <strong>Snake Pattern Texture</strong> – Adds a unique, fashionable touch with a luxurious feel.<br>✅ <strong>Flexible &amp; Shockproof Material</strong> – Made from high-quality TPU for enhanced protection against drops and scratches.<br>✅ <strong>Slim &amp; Lightweight</strong> – Ensures a comfortable grip without adding bulk.<br>✅ <strong>Precise Cutouts</strong> – Perfect fit for ports, buttons, and camera.<br>✅ <strong>Raised Edges</strong> – Provides extra protection for the screen and camera lenses.<br>✅ <strong>Anti-Fingerprint &amp; Scratch-Resistant</strong> – Keeps the case looking clean and new.<br>✅ <strong>Compatible with Wireless Charging</strong> – No need to remove the case for charging.</p>",Flex Shop,Electronics > Communications > Telephony > Mobile & Smart Phone Accessories > Mobile Phone Cases,Mobile Cover,"",false,Models,iPhone 16 Pro Max,,Color,Black,,,,,"",0.0,shopify,0,continue,manual,2199.00,2999.00,true,true,"",https://cdn.shopify.com/s/files/1/0342/2027/7897/files/WhatsAppImage2025-02-07at4.00.15PM_1.jpg?v=1738926611,1,"",false,,,2353,,,,,,,,,,,,,,,,,thermoplastic-polyurethane-tpu,back-cover,silver; black; gold,shockproof; snug-fit; anti-fingerprint,,,,,https://cdn.shopify.com/s/files/1/0342/2027/7897/files/WhatsAppImage2025-02-07at4.00.15PM_2.jpg?v=1738926611,g,,,true,,,true,,,archived
flex-electroplated-snake-case-for-iphone-models,,,,,,,,,iPhone 16 Pro Max,,,Titanium,,,,,"",0.0,shopify,0,continue,manual,2199.00,2999.00,true,true,"",https://cdn.shopify.com/s/files/1/0342/2027/7897/files/WhatsAppImage2025-02-07at4.00.15PM.jpg?v=1738926612,2,"",,,,,,,,,,,,,,,,,,,,,,,,,,,,,https://cdn.shopify.com/s/files/1/0342/2027/7897/files/WhatsAppImage2025-02-07at4.00.15PM_1.jpg?v=1738926611,g,,,,,,,,,
flex-electroplated-snake-case-for-iphone-models,,,,,,,,,iPhone 16 Pro Max,,,Titanium Gold,,,,,"",0.0,shopify,0,continue,manual,2199.00,2999.00,true,true,"",https://cdn.shopify.com/s/files/1/0342/2027/7897/files/WhatsAppImage2025-02-07at4.00.15PM_2.jpg?v=1738926611,3,"",,,,,,,,,,,,,,,,,,,,,,,,,,,,,https://cdn.shopify.com/s/files/1/0342/2027/7897/files/WhatsAppImage2025-02-07at4.00.15PM.jpg?v=1738926612,g,,,,,,,,,
flex-electroplated-snake-case-for-iphone-models,,,,,,,,,iPhone 16 Pro,,,Black,,,,,"",0.0,shopify,0,continue,manual,2199.00,2999.00,true,true,"",,,,,,,,,,,,,,,,,,,,,,,,,,,,,,,,https://cdn.shopify.com/s/files/1/0342/2027/7897/files/WhatsAppImage2025-02-07at4.00.15PM_2.jpg?v=1738926611,g,,,,,,,,,
flex-electroplated-snake-case-for-iphone-models,,,,,,,,,iPhone 16 Pro,,,Titanium,,,,,"",0.0,shopify,0,continue,manual,2199.00,2999.00,true,true,"",,,,,,,,,,,,,,,,,,,,,,,,,,,,,,,,https://cdn.shopify.com/s/files/1/0342/2027/7897/files/WhatsAppImage2025-02-07at4.00.15PM_1.jpg?v=1738926611,g,,,,,,,,,
flex-electroplated-snake-case-for-iphone-models,,,,,,,,,iPhone 16 Pro,,,Titanium Gold,,,,,"",0.0,shopify,0,continue,manual,2199.00,2999.00,true,true,"",,,,,,,,,,,,,,,,,,,,,,,,,,,,,,,,https://cdn.shopify.com/s/files/1/0342/2027/7897/files/WhatsAppImage2025-02-07at4.00.15PM.jpg?v=1738926612,g,,,,,,,,,
flex-electroplated-snake-case-for-iphone-models,,,,,,,,,iPhone 16,,,Black,,,,,"",0.0,shopify,0,continue,manual,2199.00,2999.00,true,true,"",,,,,,,,,,,,,,,,,,,,,,,,,,,,,,,,https://cdn.shopify.com/s/files/1/0342/2027/7897/files/WhatsAppImage2025-02-07at4.00.15PM_2.jpg?v=1738926611,g,,,,,,,,,
flex-electroplated-snake-case-for-iphone-models,,,,,,,,,iPhone 16,,,Titanium,,,,,"",0.0,shopify,0,continue,manual,2199.00,2999.00,true,true,"",,,,,,,,,,,,,,,,,,,,,,,,,,,,,,,,https://cdn.shopify.com/s/files/1/0342/2027/7897/files/WhatsAppImage2025-02-07at4.00.15PM_1.jpg?v=1738926611,g,,,,,,,,,
flex-electroplated-snake-case-for-iphone-models,,,,,,,,,iPhone 16,,,Titanium Gold,,,,,"",0.0,shopify,0,continue,manual,2199.00,2999.00,true,true,"",,,,,,,,,,,,,,,,,,,,,,,,,,,,,,,,https://cdn.shopify.com/s/files/1/0342/2027/7897/files/WhatsAppImage2025-02-07at4.00.15PM.jpg?v=1738926612,g,,,,,,,,,
flex-electroplated-snake-case-for-iphone-models,,,,,,,,,iPhone 15 Pro Max,,,Black,,,,,"",0.0,shopify,0,continue,manual,1899.00,2999.00,true,true,"",,,,,,,,,,,,,,,,,,,,,,,,,,,,,,,,https://cdn.shopify.com/s/files/1/0342/2027/7897/files/WhatsAppImage2025-02-07at4.00.15PM_2.jpg?v=1738926611,g,,,,,,,,,
flex-electroplated-snake-case-for-iphone-models,,,,,,,,,iPhone 15 Pro Max,,,Titanium,,,,,"",0.0,shopify,0,continue,manual,1899.00,2999.00,true,true,"",,,,,,,,,,,,,,,,,,,,,,,,,,,,,,,,https://cdn.shopify.com/s/files/1/0342/2027/7897/files/WhatsAppImage2025-02-07at4.00.15PM_1.jpg?v=1738926611,g,,,,,,,,,
flex-electroplated-snake-case-for-iphone-models,,,,,,,,,iPhone 15 Pro Max,,,Titanium Gold,,,,,"",0.0,shopify,0,continue,manual,1899.00,2999.00,true,true,"",,,,,,,,,,,,,,,,,,,,,,,,,,,,,,,,https://cdn.shopify.com/s/files/1/0342/2027/7897/files/WhatsAppImage2025-02-07at4.00.15PM.jpg?v=1738926612,g,,,,,,,,,
flex-electroplated-snake-case-for-iphone-models,,,,,,,,,iPhone 15 Pro,,,Black,,,,,"",0.0,shopify,0,continue,manual,1899.00,2999.00,true,true,"",,,,,,,,,,,,,,,,,,,,,,,,,,,,,,,,https://cdn.shopify.com/s/files/1/0342/2027/7897/files/WhatsAppImage2025-02-07at4.00.15PM_2.jpg?v=1738926611,g,,,,,,,,,
flex-electroplated-snake-case-for-iphone-models,,,,,,,,,iPhone 15 Pro,,,Titanium,,,,,"",0.0,shopify,0,continue,manual,1899.00,2999.00,true,true,"",,,,,,,,,,,,,,,,,,,,,,,,,,,,,,,,https://cdn.shopify.com/s/files/1/0342/2027/7897/files/WhatsAppImage2025-02-07at4.00.15PM_1.jpg?v=1738926611,g,,,,,,,,,
flex-electroplated-snake-case-for-iphone-models,,,,,,,,,iPhone 15 Pro,,,Titanium Gold,,,,,"",0.0,shopify,0,continue,manual,1899.00,2999.00,true,true,"",,,,,,,,,,,,,,,,,,,,,,,,,,,,,,,,https://cdn.shopify.com/s/files/1/0342/2027/7897/files/WhatsAppImage2025-02-07at4.00.15PM.jpg?v=1738926612,g,,,,,,,,,
flex-electroplated-snake-case-for-iphone-models,,,,,,,,,iPhone 15,,,Black,,,,,"",0.0,shopify,0,continue,manual,1899.00,2999.00,true,true,"",,,,,,,,,,,,,,,,,,,,,,,,,,,,,,,,https://cdn.shopify.com/s/files/1/0342/2027/7897/files/WhatsAppImage2025-02-07at4.00.15PM_2.jpg?v=1738926611,g,,,,,,,,,
flex-electroplated-snake-case-for-iphone-models,,,,,,,,,iPhone 15,,,Titanium,,,,,"",0.0,shopify,0,continue,manual,1899.00,2999.00,true,true,"",,,,,,,,,,,,,,,,,,,,,,,,,,,,,,,,https://cdn.shopify.com/s/files/1/0342/2027/7897/files/WhatsAppImage2025-02-07at4.00.15PM_1.jpg?v=1738926611,g,,,,,,,,,
flex-electroplated-snake-case-for-iphone-models,,,,,,,,,iPhone 15,,,Titanium Gold,,,,,"",0.0,shopify,-1,continue,manual,1899.00,2999.00,true,true,"",,,,,,,,,,,,,,,,,,,,,,,,,,,,,,,,https://cdn.shopify.com/s/files/1/0342/2027/7897/files/WhatsAppImage2025-02-07at4.00.15PM.jpg?v=1738926612,g,,,,,,,,,
flex-electroplated-snake-case-for-iphone-models,,,,,,,,,iPhone 14 Pro Max,,,Black,,,,,"",0.0,shopify,0,continue,manual,1899.00,2999.00,true,true,"",,,,,,,,,,,,,,,,,,,,,,,,,,,,,,,,https://cdn.shopify.com/s/files/1/0342/2027/7897/files/WhatsAppImage2025-02-07at4.00.15PM_2.jpg?v=1738926611,g,,,,,,,,,
flex-electroplated-snake-case-for-iphone-models,,,,,,,,,iPhone 14 Pro Max,,,Titanium,,,,,"",0.0,shopify,0,continue,manual,1899.00,2999.00,true,true,"",,,,,,,,,,,,,,,,,,,,,,,,,,,,,,,,https://cdn.shopify.com/s/files/1/0342/2027/7897/files/WhatsAppImage2025-02-07at4.00.15PM_1.jpg?v=1738926611,g,,,,,,,,,
flex-electroplated-snake-case-for-iphone-models,,,,,,,,,iPhone 14 Pro Max,,,Titanium Gold,,,,,"",0.0,shopify,0,continue,manual,1899.00,2999.00,true,true,"",,,,,,,,,,,,,,,,,,,,,,,,,,,,,,,,https://cdn.shopify.com/s/files/1/0342/2027/7897/files/WhatsAppImage2025-02-07at4.00.15PM.jpg?v=1738926612,g,,,,,,,,,
flex-electroplated-snake-case-for-iphone-models,,,,,,,,,iPhone 14 Pro,,,Black,,,,,"",0.0,shopify,0,continue,manual,1899.00,2999.00,true,true,"",,,,,,,,,,,,,,,,,,,,,,,,,,,,,,,,https://cdn.shopify.com/s/files/1/0342/2027/7897/files/WhatsAppImage2025-02-07at4.00.15PM_2.jpg?v=1738926611,g,,,,,,,,,
flex-electroplated-snake-case-for-iphone-models,,,,,,,,,iPhone 14 Pro,,,Titanium,,,,,"",0.0,shopify,0,continue,manual,1899.00,2999.00,true,true,"",,,,,,,,,,,,,,,,,,,,,,,,,,,,,,,,https://cdn.shopify.com/s/files/1/0342/2027/7897/files/WhatsAppImage2025-02-07at4.00.15PM_1.jpg?v=1738926611,g,,,,,,,,,
flex-electroplated-snake-case-for-iphone-models,,,,,,,,,iPhone 14 Pro,,,Titanium Gold,,,,,"",0.0,shopify,0,continue,manual,1899.00,2999.00,true,true,"",,,,,,,,,,,,,,,,,,,,,,,,,,,,,,,,https://cdn.shopify.com/s/files/1/0342/2027/7897/files/WhatsAppImage2025-02-07at4.00.15PM.jpg?v=1738926612,g,,,,,,,,,
flex-electroplated-snake-case-for-iphone-models,,,,,,,,,iPhone 14,,,Black,,,,,"",0.0,shopify,0,continue,manual,1899.00,2999.00,true,true,"",,,,,,,,,,,,,,,,,,,,,,,,,,,,,,,,https://cdn.shopify.com/s/files/1/0342/2027/7897/files/WhatsAppImage2025-02-07at4.00.15PM_2.jpg?v=1738926611,g,,,,,,,,,
flex-electroplated-snake-case-for-iphone-models,,,,,,,,,iPhone 14,,,Titanium,,,,,"",0.0,shopify,0,continue,manual,1899.00,2999.00,true,true,"",,,,,,,,,,,,,,,,,,,,,,,,,,,,,,,,https://cdn.shopify.com/s/files/1/0342/2027/7897/files/WhatsAppImage2025-02-07at4.00.15PM_1.jpg?v=1738926611,g,,,,,,,,,
flex-electroplated-snake-case-for-iphone-models,,,,,,,,,iPhone 14,,,Titanium Gold,,,,,"",0.0,shopify,0,continue,manual,1899.00,2999.00,true,true,"",,,,,,,,,,,,,,,,,,,,,,,,,,,,,,,,https://cdn.shopify.com/s/files/1/0342/2027/7897/files/WhatsAppImage2025-02-07at4.00.15PM.jpg?v=1738926612,g,,,,,,,,,
flex-electroplated-snake-case-for-iphone-models,,,,,,,,,iPhone 13 Pro Max,,,Black,,,,,"",0.0,shopify,0,continue,manual,1899.00,2999.00,true,true,"",,,,,,,,,,,,,,,,,,,,,,,,,,,,,,,,https://cdn.shopify.com/s/files/1/0342/2027/7897/files/WhatsAppImage2025-02-07at4.00.15PM_2.jpg?v=1738926611,g,,,,,,,,,
flex-electroplated-snake-case-for-iphone-models,,,,,,,,,iPhone 13 Pro Max,,,Titanium,,,,,"",0.0,shopify,0,continue,manual,1899.00,2999.00,true,true,"",,,,,,,,,,,,,,,,,,,,,,,,,,,,,,,,https://cdn.shopify.com/s/files/1/0342/2027/7897/files/WhatsAppImage2025-02-07at4.00.15PM_1.jpg?v=1738926611,g,,,,,,,,,
flex-electroplated-snake-case-for-iphone-models,,,,,,,,,iPhone 13 Pro Max,,,Titanium Gold,,,,,"",0.0,shopify,0,continue,manual,1899.00,2999.00,true,true,"",,,,,,,,,,,,,,,,,,,,,,,,,,,,,,,,https://cdn.shopify.com/s/files/1/0342/2027/7897/files/WhatsAppImage2025-02-07at4.00.15PM.jpg?v=1738926612,g,,,,,,,,,
flex-electroplated-snake-case-for-iphone-models,,,,,,,,,iPhone 13 Pro,,,Black,,,,,"",0.0,shopify,0,continue,manual,1899.00,2999.00,true,true,"",,,,,,,,,,,,,,,,,,,,,,,,,,,,,,,,https://cdn.shopify.com/s/files/1/0342/2027/7897/files/WhatsAppImage2025-02-07at4.00.15PM_2.jpg?v=1738926611,g,,,,,,,,,
flex-electroplated-snake-case-for-iphone-models,,,,,,,,,iPhone 13 Pro,,,Titanium,,,,,"",0.0,shopify,0,continue,manual,1899.00,2999.00,true,true,"",,,,,,,,,,,,,,,,,,,,,,,,,,,,,,,,https://cdn.shopify.com/s/files/1/0342/2027/7897/files/WhatsAppImage2025-02-07at4.00.15PM_1.jpg?v=1738926611,g,,,,,,,,,
flex-electroplated-snake-case-for-iphone-models,,,,,,,,,iPhone 13 Pro,,,Titanium Gold,,,,,"",0.0,shopify,0,continue,manual,1899.00,2999.00,true,true,"",,,,,,,,,,,,,,,,,,,,,,,,,,,,,,,,https://cdn.shopify.com/s/files/1/0342/2027/7897/files/WhatsAppImage2025-02-07at4.00.15PM.jpg?v=1738926612,g,,,,,,,,,
flex-electroplated-snake-case-for-iphone-models,,,,,,,,,iPhone 13,,,Black,,,,,"",0.0,shopify,0,continue,manual,1899.00,2999.00,true,true,"",,,,,,,,,,,,,,,,,,,,,,,,,,,,,,,,https://cdn.shopify.com/s/files/1/0342/2027/7897/files/WhatsAppImage2025-02-07at4.00.15PM_2.jpg?v=1738926611,g,,,,,,,,,
flex-electroplated-snake-case-for-iphone-models,,,,,,,,,iPhone 13,,,Titanium,,,,,"",0.0,shopify,0,continue,manual,1899.00,2999.00,true,true,"",,,,,,,,,,,,,,,,,,,,,,,,,,,,,,,,https://cdn.shopify.com/s/files/1/0342/2027/7897/files/WhatsAppImage2025-02-07at4.00.15PM_1.jpg?v=1738926611,g,,,,,,,,,
flex-electroplated-snake-case-for-iphone-models,,,,,,,,,iPhone 13,,,Titanium Gold,,,,,"",0.0,shopify,0,continue,manual,1899.00,2999.00,true,true,"",,,,,,,,,,,,,,,,,,,,,,,,,,,,,,,,https://cdn.shopify.com/s/files/1/0342/2027/7897/files/WhatsAppImage2025-02-07at4.00.15PM.jpg?v=1738926612,g,,,,,,,,,
flex-electroplated-snake-case-for-iphone-models,,,,,,,,,iPhone 12 Pro Max,,,Black,,,,,"",0.0,shopify,0,continue,manual,1899.00,2999.00,true,true,"",,,,,,,,,,,,,,,,,,,,,,,,,,,,,,,,https://cdn.shopify.com/s/files/1/0342/2027/7897/files/WhatsAppImage2025-02-07at4.00.15PM_2.jpg?v=1738926611,g,,,,,,,,,
flex-electroplated-snake-case-for-iphone-models,,,,,,,,,iPhone 12 Pro Max,,,Titanium,,,,,"",0.0,shopify,0,continue,manual,1899.00,2999.00,true,true,"",,,,,,,,,,,,,,,,,,,,,,,,,,,,,,,,https://cdn.shopify.com/s/files/1/0342/2027/7897/files/WhatsAppImage2025-02-07at4.00.15PM_1.jpg?v=1738926611,g,,,,,,,,,
flex-electroplated-snake-case-for-iphone-models,,,,,,,,,iPhone 12 Pro Max,,,Titanium Gold,,,,,"",0.0,shopify,0,continue,manual,1899.00,2999.00,true,true,"",,,,,,,,,,,,,,,,,,,,,,,,,,,,,,,,https://cdn.shopify.com/s/files/1/0342/2027/7897/files/WhatsAppImage2025-02-07at4.00.15PM.jpg?v=1738926612,g,,,,,,,,,
flex-electroplated-snake-case-for-iphone-models,,,,,,,,,iPhone 12 / 12 Pro,,,Black,,,,,"",0.0,shopify,0,continue,manual,1899.00,2999.00,true,true,"",,,,,,,,,,,,,,,,,,,,,,,,,,,,,,,,https://cdn.shopify.com/s/files/1/0342/2027/7897/files/WhatsAppImage2025-02-07at4.00.15PM_2.jpg?v=1738926611,g,,,,,,,,,
flex-electroplated-snake-case-for-iphone-models,,,,,,,,,iPhone 12 / 12 Pro,,,Titanium,,,,,"",0.0,shopify,0,continue,manual,1899.00,2999.00,true,true,"",,,,,,,,,,,,,,,,,,,,,,,,,,,,,,,,https://cdn.shopify.com/s/files/1/0342/2027/7897/files/WhatsAppImage2025-02-07at4.00.15PM_1.jpg?v=1738926611,g,,,,,,,,,
flex-electroplated-snake-case-for-iphone-models,,,,,,,,,iPhone 12 / 12 Pro,,,Titanium Gold,,,,,"",0.0,shopify,0,continue,manual,1899.00,2999.00,true,true,"",,,,,,,,,,,,,,,,,,,,,,,,,,,,,,,,https://cdn.shopify.com/s/files/1/0342/2027/7897/files/WhatsAppImage2025-02-07at4.00.15PM.jpg?v=1738926612,g,,,,,,,,,
flex-electroplated-snake-case-for-iphone-models,,,,,,,,,iPhone 11 Pro Max,,,Black,,,,,"",0.0,shopify,0,continue,manual,1899.00,2999.00,true,true,"",,,,,,,,,,,,,,,,,,,,,,,,,,,,,,,,https://cdn.shopify.com/s/files/1/0342/2027/7897/files/WhatsAppImage2025-02-07at4.00.15PM_2.jpg?v=1738926611,g,,,,,,,,,
flex-electroplated-snake-case-for-iphone-models,,,,,,,,,iPhone 11 Pro Max,,,Titanium,,,,,"",0.0,shopify,0,continue,manual,1899.00,2999.00,true,true,"",,,,,,,,,,,,,,,,,,,,,,,,,,,,,,,,https://cdn.shopify.com/s/files/1/0342/2027/7897/files/WhatsAppImage2025-02-07at4.00.15PM_1.jpg?v=1738926611,g,,,,,,,,,
flex-electroplated-snake-case-for-iphone-models,,,,,,,,,iPhone 11 Pro Max,,,Titanium Gold,,,,,"",0.0,shopify,0,continue,manual,1899.00,2999.00,true,true,"",,,,,,,,,,,,,,,,,,,,,,,,,,,,,,,,https://cdn.shopify.com/s/files/1/0342/2027/7897/files/WhatsAppImage2025-02-07at4.00.15PM.jpg?v=1738926612,g,,,,,,,,,
flex-electroplated-snake-case-for-iphone-models,,,,,,,,,iPhone 11 Pro,,,Black,,,,,"",0.0,shopify,0,continue,manual,1899.00,2999.00,true,true,"",,,,,,,,,,,,,,,,,,,,,,,,,,,,,,,,https://cdn.shopify.com/s/files/1/0342/2027/7897/files/WhatsAppImage2025-02-07at4.00.15PM_2.jpg?v=1738926611,g,,,,,,,,,
flex-electroplated-snake-case-for-iphone-models,,,,,,,,,iPhone 11 Pro,,,Titanium,,,,,"",0.0,shopify,0,continue,manual,1899.00,2999.00,true,true,"",,,,,,,,,,,,,,,,,,,,,,,,,,,,,,,,https://cdn.shopify.com/s/files/1/0342/2027/7897/files/WhatsAppImage2025-02-07at4.00.15PM_1.jpg?v=1738926611,g,,,,,,,,,
flex-electroplated-snake-case-for-iphone-models,,,,,,,,,iPhone 11 Pro,,,Titanium Gold,,,,,"",0.0,shopify,0,continue,manual,1899.00,2999.00,true,true,"",,,,,,,,,,,,,,,,,,,,,,,,,,,,,,,,https://cdn.shopify.com/s/files/1/0342/2027/7897/files/WhatsAppImage2025-02-07at4.00.15PM.jpg?v=1738926612,g,,,,,,,,,
flex-electroplated-snake-case-for-iphone-models,,,,,,,,,iPhone 11,,,Black,,,,,"",0.0,shopify,0,continue,manual,1899.00,2999.00,true,true,"",,,,,,,,,,,,,,,,,,,,,,,,,,,,,,,,https://cdn.shopify.com/s/files/1/0342/2027/7897/files/WhatsAppImage2025-02-07at4.00.15PM_2.jpg?v=1738926611,g,,,,,,,,,
flex-electroplated-snake-case-for-iphone-models,,,,,,,,,iPhone 11,,,Titanium,,,,,"",0.0,shopify,0,continue,manual,1899.00,2999.00,true,true,"",,,,,,,,,,,,,,,,,,,,,,,,,,,,,,,,https://cdn.shopify.com/s/files/1/0342/2027/7897/files/WhatsAppImage2025-02-07at4.00.15PM_1.jpg?v=1738926611,g,,,,,,,,,
flex-electroplated-snake-case-for-iphone-models,,,,,,,,,iPhone 11,,,Titanium Gold,,,,,"",0.0,shopify,0,continue,manual,1899.00,2999.00,true,true,"",,,,,,,,,,,,,,,,,,,,,,,,,,,,,,,,https://cdn.shopify.com/s/files/1/0342/2027/7897/files/WhatsAppImage2025-02-07at4.00.15PM.jpg?v=1738926612,g,,,,,,,,,
flex-black-soft-silicon-case-with-camera-protection-for-iphone-models,Flex Black case for iPhone,"<p>✅ <strong>Premium Soft Silicone Material</strong> – Provides a smooth, comfortable grip while preventing fingerprints and smudges.<br>✅ <strong>Enhanced Camera Protection</strong> – Features a raised lip or sliding cover to safeguard the camera lens from scratches and impacts.<br>✅ <strong>Shockproof &amp; Drop Protection</strong> – Absorbs shocks and protects against accidental drops and bumps.<br>✅ <strong>Slim &amp; Lightweight Design</strong> – Offers a sleek profile without adding unnecessary bulk.<br>✅ <strong>Precise Cutouts</strong> – Ensures easy access to all buttons, ports, and speakers.<br>✅ <strong>Raised Bezels for Screen Protection</strong> – Prevents scratches when placed face-down.<br>✅ <strong>Dustproof &amp; Anti-Fingerprint Coating</strong> – Keeps the case looking clean and fresh.<br>✅ <strong>Supports Wireless Charging</strong> – No need to remove the case while charging wirelessly.</p>
<p>Let me know if you'd like any tweaks! 😊</p>",Flex Shop,Electronics > Communications > Telephony > Mobile & Smart Phone Accessories > Mobile Phone Cases,Mobile Cover,"",true,Models,iPhone 16 Pro Max,,,,,,,,,0.0,shopify,0,continue,manual,1399.00,2999.00,true,true,,https://cdn.shopify.com/s/files/1/0342/2027/7897/files/WhatsAppImage2025-02-07at4.00.15PM_3.jpg?v=1738927249,1,"",false,,,2353,,,,,,,,,,,,,,,,,other,back-cover,black,shockproof; snug-fit; anti-fingerprint,,,,,,g,,,true,,,true,,,active
flex-black-soft-silicon-case-with-camera-protection-for-iphone-models,,,,,,,,,iPhone 16 Pro,,,,,,,,,0.0,shopify,0,continue,manual,1399.00,2999.00,true,true,,,,,,,,,,,,,,,,,,,,,,,,,,,,,,,,,,g,,,,,,,,,
flex-black-soft-silicon-case-with-camera-protection-for-iphone-models,,,,,,,,,iPhone 16 Plus,,,,,,,,,0.0,shopify,0,continue,manual,1399.00,2999.00,true,true,"",,,,,,,,,,,,,,,,,,,,,,,,,,,,,,,,,g,,,,,,,,,
flex-black-soft-silicon-case-with-camera-protection-for-iphone-models,,,,,,,,,iPhone 16,,,,,,,,,0.0,shopify,0,continue,manual,1399.00,2999.00,true,true,,,,,,,,,,,,,,,,,,,,,,,,,,,,,,,,,,g,,,,,,,,,
flex-black-soft-silicon-case-with-camera-protection-for-iphone-models,,,,,,,,,iPhone 15 Pro Max,,,,,,,,,0.0,shopify,0,continue,manual,1399.00,2999.00,true,true,,,,,,,,,,,,,,,,,,,,,,,,,,,,,,,,,,g,,,,,,,,,
flex-black-soft-silicon-case-with-camera-protection-for-iphone-models,,,,,,,,,iPhone 15 Pro,,,,,,,,,0.0,shopify,0,continue,manual,1399.00,2999.00,true,true,,,,,,,,,,,,,,,,,,,,,,,,,,,,,,,,,,g,,,,,,,,,
flex-black-soft-silicon-case-with-camera-protection-for-iphone-models,,,,,,,,,iPhone 15 Plus,,,,,,,,,0.0,shopify,0,continue,manual,1399.00,2999.00,true,true,"",,,,,,,,,,,,,,,,,,,,,,,,,,,,,,,,,g,,,,,,,,,
flex-black-soft-silicon-case-with-camera-protection-for-iphone-models,,,,,,,,,iPhone 15,,,,,,,,,0.0,shopify,0,continue,manual,1399.00,2999.00,true,true,,,,,,,,,,,,,,,,,,,,,,,,,,,,,,,,,,g,,,,,,,,,
flex-black-soft-silicon-case-with-camera-protection-for-iphone-models,,,,,,,,,iPhone 14 Pro Max,,,,,,,,,0.0,shopify,0,continue,manual,1399.00,2999.00,true,true,,,,,,,,,,,,,,,,,,,,,,,,,,,,,,,,,,g,,,,,,,,,
flex-black-soft-silicon-case-with-camera-protection-for-iphone-models,,,,,,,,,iPhone 14 Pro,,,,,,,,,0.0,shopify,0,continue,manual,1399.00,2999.00,true,true,,,,,,,,,,,,,,,,,,,,,,,,,,,,,,,,,,g,,,,,,,,,
flex-black-soft-silicon-case-with-camera-protection-for-iphone-models,,,,,,,,,iPhone 14 Plus,,,,,,,,,0.0,shopify,0,continue,manual,1399.00,2999.00,true,true,"",,,,,,,,,,,,,,,,,,,,,,,,,,,,,,,,,g,,,,,,,,,
flex-black-soft-silicon-case-with-camera-protection-for-iphone-models,,,,,,,,,iPhone 14,,,,,,,,,0.0,shopify,0,continue,manual,1399.00,2999.00,true,true,,,,,,,,,,,,,,,,,,,,,,,,,,,,,,,,,,g,,,,,,,,,
flex-black-soft-silicon-case-with-camera-protection-for-iphone-models,,,,,,,,,iPhone 13 Pro Max,,,,,,,,,0.0,shopify,0,continue,manual,1399.00,2999.00,true,true,,,,,,,,,,,,,,,,,,,,,,,,,,,,,,,,,,g,,,,,,,,,
flex-black-soft-silicon-case-with-camera-protection-for-iphone-models,,,,,,,,,iPhone 13 Pro,,,,,,,,,0.0,shopify,0,continue,manual,1399.00,2999.00,true,true,,,,,,,,,,,,,,,,,,,,,,,,,,,,,,,,,,g,,,,,,,,,
flex-black-soft-silicon-case-with-camera-protection-for-iphone-models,,,,,,,,,iPhone 13,,,,,,,,,0.0,shopify,0,continue,manual,1399.00,2999.00,true,true,,,,,,,,,,,,,,,,,,,,,,,,,,,,,,,,,,g,,,,,,,,,
flex-black-soft-silicon-case-with-camera-protection-for-iphone-models,,,,,,,,,iPhone 12 Pro Max,,,,,,,,,0.0,shopify,0,continue,manual,1399.00,2999.00,true,true,,,,,,,,,,,,,,,,,,,,,,,,,,,,,,,,,,g,,,,,,,,,
flex-black-soft-silicon-case-with-camera-protection-for-iphone-models,,,,,,,,,iPhone 12 / 12 Pro,,,,,,,,,0.0,shopify,0,continue,manual,1399.00,2999.00,true,true,,,,,,,,,,,,,,,,,,,,,,,,,,,,,,,,,,g,,,,,,,,,
flex-black-soft-silicon-case-with-camera-protection-for-iphone-models,,,,,,,,,iPhone 11 Pro Max,,,,,,,,,0.0,shopify,0,continue,manual,1399.00,2999.00,true,true,,,,,,,,,,,,,,,,,,,,,,,,,,,,,,,,,,g,,,,,,,,,
flex-black-soft-silicon-case-with-camera-protection-for-iphone-models,,,,,,,,,iPhone 11 Pro,,,,,,,,,0.0,shopify,0,continue,manual,1399.00,2999.00,true,true,,,,,,,,,,,,,,,,,,,,,,,,,,,,,,,,,,g,,,,,,,,,
flex-black-soft-silicon-case-with-camera-protection-for-iphone-models,,,,,,,,,iPhone 11,,,,,,,,,0.0,shopify,0,continue,manual,1399.00,2999.00,true,true,,,,,,,,,,,,,,,,,,,,,,,,,,,,,,,,,,g,,,,,,,,,
flex-ear-glitter-case-for-iphone-models,Flex Ear Glitter Case for iPhone,"<p>✨ <strong>Stylish Glitter Design</strong> – Features a sparkling, eye-catching look for a trendy and fashionable appeal.<br>👂 <strong>Cute Flex Ear Design</strong> – Adorable flexible ears add a fun and playful touch to your phone case.<br>🛡️ <strong>Shockproof &amp; Protective</strong> – Made from durable TPU material to protect against drops, bumps, and scratches.<br>📏 <strong>Slim &amp; Lightweight</strong> – Ensures a sleek profile without adding unnecessary bulk.<br>📸 <strong>Raised Camera &amp; Screen Protection</strong> – Elevated edges help prevent scratches on the camera lens and screen.<br>🔄 <strong>Precise Cutouts</strong> – Perfect fit for buttons, ports, and speakers with easy access.<br>💨 <strong>Anti-Fingerprint &amp; Scratch-Resistant</strong> – Keeps the case clean and looking fresh.<br>⚡ <strong>Wireless Charging Compatible</strong> – Charge effortlessly without removing the case.</p>
<p>Would you like any modifications or additional details? 😊</p>
<p><br></p>",Flex Shop,Electronics > Communications > Telephony > Mobile & Smart Phone Accessories > Mobile Phone Cases,Mobile Cover,"",true,Models,iPhone 16 Pro Max,,,,,,,,,0.0,shopify,0,continue,manual,1999.00,2999.00,true,true,,https://cdn.shopify.com/s/files/1/0342/2027/7897/files/WhatsAppImage2025-02-06at5.31.13PM.jpg?v=1738927868,1,"",false,,,2353,,,,,,,,,,,,,,,,,acrylic,back-cover,silver,shockproof; snug-fit; anti-fingerprint,,,,,,g,,,true,,,true,,,active
flex-ear-glitter-case-for-iphone-models,,,,,,,,,iPhone 16 Pro,,,,,,,,,0.0,shopify,0,continue,manual,1999.00,2999.00,true,true,,https://cdn.shopify.com/s/files/1/0342/2027/7897/files/WhatsAppImage2025-02-06at5.31.13PM_1.jpg?v=1738927868,2,"",,,,,,,,,,,,,,,,,,,,,,,,,,,,,,g,,,,,,,,,
flex-ear-glitter-case-for-iphone-models,,,,,,,,,iPhone 16 Plus,,,,,,,,,0.0,shopify,0,continue,manual,1999.00,2999.00,true,true,,https://cdn.shopify.com/s/files/1/0342/2027/7897/files/WhatsAppImage2025-02-06at5.31.13PM_2.jpg?v=1738927868,3,"",,,,,,,,,,,,,,,,,,,,,,,,,,,,,,g,,,,,,,,,
flex-ear-glitter-case-for-iphone-models,,,,,,,,,iPhone 16,,,,,,,,,0.0,shopify,0,continue,manual,1999.00,2999.00,true,true,,https://cdn.shopify.com/s/files/1/0342/2027/7897/files/WhatsAppImage2025-02-06at5.31.14PM.jpg?v=1738927868,4,"",,,,,,,,,,,,,,,,,,,,,,,,,,,,,,g,,,,,,,,,
flex-ear-glitter-case-for-iphone-models,,,,,,,,,iPhone 15 Pro Max,,,,,,,,,0.0,shopify,0,continue,manual,1699.00,2999.00,true,true,,,,,,,,,,,,,,,,,,,,,,,,,,,,,,,,,,g,,,,,,,,,
flex-ear-glitter-case-for-iphone-models,,,,,,,,,iPhone 15 Pro,,,,,,,,,0.0,shopify,0,continue,manual,1699.00,2999.00,true,true,,,,,,,,,,,,,,,,,,,,,,,,,,,,,,,,,,g,,,,,,,,,
flex-ear-glitter-case-for-iphone-models,,,,,,,,,iPhone 15 Plus,,,,,,,,,0.0,shopify,0,continue,manual,1699.00,2999.00,true,true,,,,,,,,,,,,,,,,,,,,,,,,,,,,,,,,,,g,,,,,,,,,
flex-ear-glitter-case-for-iphone-models,,,,,,,,,iPhone 15,,,,,,,,,0.0,shopify,0,continue,manual,1699.00,2999.00,true,true,,,,,,,,,,,,,,,,,,,,,,,,,,,,,,,,,,g,,,,,,,,,
flex-ear-glitter-case-for-iphone-models,,,,,,,,,iPhone 14 Pro Max,,,,,,,,,0.0,shopify,0,continue,manual,1699.00,2999.00,true,true,,,,,,,,,,,,,,,,,,,,,,,,,,,,,,,,,,g,,,,,,,,,
flex-ear-glitter-case-for-iphone-models,,,,,,,,,iPhone 14 Pro,,,,,,,,,0.0,shopify,0,continue,manual,1699.00,2999.00,true,true,,,,,,,,,,,,,,,,,,,,,,,,,,,,,,,,,,g,,,,,,,,,
flex-ear-glitter-case-for-iphone-models,,,,,,,,,iPhone 14,,,,,,,,,0.0,shopify,0,continue,manual,1699.00,2999.00,true,true,,,,,,,,,,,,,,,,,,,,,,,,,,,,,,,,,,g,,,,,,,,,
flex-ear-glitter-case-for-iphone-models,,,,,,,,,iPhone 13 Pro Max,,,,,,,,,0.0,shopify,0,continue,manual,1699.00,2999.00,true,true,,,,,,,,,,,,,,,,,,,,,,,,,,,,,,,,,,g,,,,,,,,,
flex-ear-glitter-case-for-iphone-models,,,,,,,,,iPhone 13 Pro,,,,,,,,,0.0,shopify,0,continue,manual,1699.00,2999.00,true,true,,,,,,,,,,,,,,,,,,,,,,,,,,,,,,,,,,g,,,,,,,,,
flex-ear-glitter-case-for-iphone-models,,,,,,,,,iPhone 13,,,,,,,,,0.0,shopify,0,continue,manual,1699.00,2999.00,true,true,,,,,,,,,,,,,,,,,,,,,,,,,,,,,,,,,,g,,,,,,,,,
flex-ear-glitter-case-for-iphone-models,,,,,,,,,iPhone 12 Pro Max,,,,,,,,,0.0,shopify,0,continue,manual,1699.00,2999.00,true,true,,,,,,,,,,,,,,,,,,,,,,,,,,,,,,,,,,g,,,,,,,,,
flex-ear-glitter-case-for-iphone-models,,,,,,,,,iPhone 12 / 12 Pro,,,,,,,,,0.0,shopify,0,continue,manual,1699.00,2999.00,true,true,,,,,,,,,,,,,,,,,,,,,,,,,,,,,,,,,,g,,,,,,,,,
flex-ear-glitter-case-for-iphone-models,,,,,,,,,iPhone 11 Pro Max,,,,,,,,,0.0,shopify,0,continue,manual,1699.00,2999.00,true,true,,,,,,,,,,,,,,,,,,,,,,,,,,,,,,,,,,g,,,,,,,,,
flex-ear-glitter-case-for-iphone-models,,,,,,,,,iPhone 11 Pro,,,,,,,,,0.0,shopify,0,continue,manual,1699.00,2999.00,true,true,,,,,,,,,,,,,,,,,,,,,,,,,,,,,,,,,,g,,,,,,,,,
flex-ear-glitter-case-for-iphone-models,,,,,,,,,iPhone 11,,,,,,,,,0.0,shopify,0,continue,manual,1699.00,2999.00,true,true,,,,,,,,,,,,,,,,,,,,,,,,,,,,,,,,,,g,,,,,,,,,
flex-ear-glitter-case-for-iphone-models,,,,,,,,,iPhone Xs Max,,,,,,,,,0.0,shopify,0,continue,manual,1699.00,2999.00,true,true,"",,,,,,,,,,,,,,,,,,,,,,,,,,,,,,,,,g,,,,,,,,,
flex-ear-glitter-case-for-iphone-models,,,,,,,,,iPhone XR,,,,,,,,,0.0,shopify,0,continue,manual,1699.00,2999.00,true,true,"",,,,,,,,,,,,,,,,,,,,,,,,,,,,,,,,,g,,,,,,,,,
flex-ear-glitter-case-for-iphone-models,,,,,,,,,iPhone X / Xs,,,,,,,,,0.0,shopify,0,continue,manual,1699.00,2999.00,true,true,"",,,,,,,,,,,,,,,,,,,,,,,,,,,,,,,,,g,,,,,,,,,
flex-ear-glitter-case-for-iphone-models,,,,,,,,,iPhone 8 Plus,,,,,,,,,0.0,shopify,0,continue,manual,1699.00,2999.00,true,true,"",,,,,,,,,,,,,,,,,,,,,,,,,,,,,,,,,g,,,,,,,,,
flex-ear-glitter-case-for-iphone-models,,,,,,,,,iPhone 7 Plus,,,,,,,,,0.0,shopify,0,continue,manual,1699.00,2999.00,true,true,"",,,,,,,,,,,,,,,,,,,,,,,,,,,,,,,,,g,,,,,,,,,
flex-ear-glitter-case-for-iphone-models,,,,,,,,,iPhone 7 / 8,,,,,,,,,0.0,shopify,0,continue,manual,1399.00,2999.00,true,true,"",,,,,,,,,,,,,,,,,,,,,,,,,,,,,,,,,g,,,,,,,,,
flex-pearl-diamond-case-for-iphone-models-1,Flex Pearl Diamond Case For iPhone,"<p>💎 <strong>Elegant Pearl &amp; Diamond Design</strong> – A luxurious case with embedded pearl and diamond accents for a glamorous look.<br>🛡️ <strong>Shockproof &amp; Durable Protection</strong> – Made from high-quality TPU to absorb shocks and protect against drops and scratches.<br>✨ <strong>Glossy &amp; Smooth Finish</strong> – Provides a premium feel with a stylish shine.<br>📏 <strong>Slim &amp; Lightweight</strong> – Ensures a sleek profile without adding bulk.<br>📸 <strong>Raised Edges for Camera &amp; Screen Protection</strong> – Helps prevent scratches and damage.<br>🔄 <strong>Precise Cutouts</strong> – Offers easy access to all buttons, ports, and speakers.<br>💨 <strong>Anti-Fingerprint &amp; Scratch-Resistant</strong> – Keeps the case clean and polished.<br>⚡ <strong>Wireless Charging Compatible</strong> – No need to remove the case while charging wirelessly.</p>
<p>Would you like any refinements or additional details? 😊</p>
<p><br></p>",Flex Shop,Electronics > Communications > Telephony > Mobile & Smart Phone Accessories > Mobile Phone Cases,Mobile Cover,"",true,Models,iPhone 16 Pro Max,,Color,silver,product.metafields.shopify.color-pattern,,,,"",0.0,shopify,-1,continue,manual,2199.00,2999.00,true,true,,https://cdn.shopify.com/s/files/1/0342/2027/7897/files/WhatsAppImage2025-01-11at10.22.39PM_2_f021c23b-9c37-4b99-928c-a4a6c2a9dd77.jpg?v=1738928441,1,"",false,,,2353,,,,,,,,,,,,,,,,,acrylic,back-cover,silver; pink,shockproof; snug-fit; anti-fingerprint,,,,,,g,,,true,,,true,,,active
flex-pearl-diamond-case-for-iphone-models-1,,,,,,,,,iPhone 16 Pro Max,,,pink,,,,,"",0.0,shopify,-1,continue,manual,2199.00,2999.00,true,true,"",https://cdn.shopify.com/s/files/1/0342/2027/7897/files/WhatsAppImage2025-01-11at10.22.39PM_1_23d45cf3-868f-4637-9ad4-df97e8598944.jpg?v=1738928441,2,"",,,,,,,,,,,,,,,,,,,,,,,,,,,,,,g,,,,,,,,,
flex-pearl-diamond-case-for-iphone-models-1,,,,,,,,,iPhone 16 Pro,,,silver,,,,,"",0.0,shopify,0,continue,manual,2199.00,2999.00,true,true,,https://cdn.shopify.com/s/files/1/0342/2027/7897/files/WhatsAppImage2025-01-11at10.22.38PM_c80033f9-868c-48cd-b270-e33021396f56.jpg?v=1738928441,3,"",,,,,,,,,,,,,,,,,,,,,,,,,,,,,,g,,,,,,,,,
flex-pearl-diamond-case-for-iphone-models-1,,,,,,,,,iPhone 16 Pro,,,pink,,,,,"",0.0,shopify,0,continue,manual,2199.00,2999.00,true,true,"",,,,,,,,,,,,,,,,,,,,,,,,,,,,,,,,,g,,,,,,,,,
flex-pearl-diamond-case-for-iphone-models-1,,,,,,,,,iPhone 16,,,silver,,,,,"",0.0,shopify,0,continue,manual,2199.00,2999.00,true,true,,,,,,,,,,,,,,,,,,,,,,,,,,,,,,,,,,g,,,,,,,,,
flex-pearl-diamond-case-for-iphone-models-1,,,,,,,,,iPhone 16,,,pink,,,,,"",0.0,shopify,0,continue,manual,2199.00,2999.00,true,true,"",,,,,,,,,,,,,,,,,,,,,,,,,,,,,,,,,g,,,,,,,,,
flex-pearl-diamond-case-for-iphone-models-1,,,,,,,,,iPhone 15 Pro Max,,,silver,,,,,"",0.0,shopify,0,continue,manual,1699.00,2999.00,true,true,,,,,,,,,,,,,,,,,,,,,,,,,,,,,,,,,,g,,,,,,,,,
flex-pearl-diamond-case-for-iphone-models-1,,,,,,,,,iPhone 15 Pro Max,,,pink,,,,,"",0.0,shopify,0,continue,manual,2199.00,2999.00,true,true,"",,,,,,,,,,,,,,,,,,,,,,,,,,,,,,,,,g,,,,,,,,,
flex-pearl-diamond-case-for-iphone-models-1,,,,,,,,,iPhone 15 Pro,,,silver,,,,,"",0.0,shopify,0,continue,manual,1699.00,2999.00,true,true,,,,,,,,,,,,,,,,,,,,,,,,,,,,,,,,,,g,,,,,,,,,
flex-pearl-diamond-case-for-iphone-models-1,,,,,,,,,iPhone 15 Pro,,,pink,,,,,"",0.0,shopify,0,continue,manual,2199.00,2999.00,true,true,"",,,,,,,,,,,,,,,,,,,,,,,,,,,,,,,,,g,,,,,,,,,
flex-pearl-diamond-case-for-iphone-models-1,,,,,,,,,iPhone 15,,,silver,,,,,"",0.0,shopify,0,continue,manual,1699.00,2999.00,true,true,,,,,,,,,,,,,,,,,,,,,,,,,,,,,,,,,,g,,,,,,,,,
flex-pearl-diamond-case-for-iphone-models-1,,,,,,,,,iPhone 15,,,pink,,,,,"",0.0,shopify,0,continue,manual,2199.00,2999.00,true,true,"",,,,,,,,,,,,,,,,,,,,,,,,,,,,,,,,,g,,,,,,,,,
flex-pearl-diamond-case-for-iphone-models-1,,,,,,,,,iPhone 14 Pro Max,,,silver,,,,,"",0.0,shopify,0,continue,manual,1699.00,2999.00,true,true,,,,,,,,,,,,,,,,,,,,,,,,,,,,,,,,,,g,,,,,,,,,
flex-pearl-diamond-case-for-iphone-models-1,,,,,,,,,iPhone 14 Pro Max,,,pink,,,,,"",0.0,shopify,0,continue,manual,2199.00,2999.00,true,true,"",,,,,,,,,,,,,,,,,,,,,,,,,,,,,,,,,g,,,,,,,,,
flex-pearl-diamond-case-for-iphone-models-1,,,,,,,,,iPhone 14 Pro,,,silver,,,,,"",0.0,shopify,-1,continue,manual,1699.00,2999.00,true,true,,,,,,,,,,,,,,,,,,,,,,,,,,,,,,,,,,g,,,,,,,,,
flex-pearl-diamond-case-for-iphone-models-1,,,,,,,,,iPhone 14 Pro,,,pink,,,,,"",0.0,shopify,-1,continue,manual,2199.00,2999.00,true,true,"",,,,,,,,,,,,,,,,,,,,,,,,,,,,,,,,,g,,,,,,,,,
flex-pearl-diamond-case-for-iphone-models-1,,,,,,,,,iPhone 14,,,silver,,,,,"",0.0,shopify,0,continue,manual,1699.00,2999.00,true,true,,,,,,,,,,,,,,,,,,,,,,,,,,,,,,,,,,g,,,,,,,,,
flex-pearl-diamond-case-for-iphone-models-1,,,,,,,,,iPhone 14,,,pink,,,,,"",0.0,shopify,0,continue,manual,2199.00,2999.00,true,true,"",,,,,,,,,,,,,,,,,,,,,,,,,,,,,,,,,g,,,,,,,,,
flex-pearl-diamond-case-for-iphone-models-1,,,,,,,,,iPhone 13 Pro Max,,,silver,,,,,"",0.0,shopify,-1,continue,manual,1699.00,2999.00,true,true,,,,,,,,,,,,,,,,,,,,,,,,,,,,,,,,,,g,,,,,,,,,
flex-pearl-diamond-case-for-iphone-models-1,,,,,,,,,iPhone 13 Pro Max,,,pink,,,,,"",0.0,shopify,0,continue,manual,2199.00,2999.00,true,true,"",,,,,,,,,,,,,,,,,,,,,,,,,,,,,,,,,g,,,,,,,,,
flex-pearl-diamond-case-for-iphone-models-1,,,,,,,,,iPhone 13 Pro,,,silver,,,,,"",0.0,shopify,0,continue,manual,1699.00,2999.00,true,true,,,,,,,,,,,,,,,,,,,,,,,,,,,,,,,,,,g,,,,,,,,,
flex-pearl-diamond-case-for-iphone-models-1,,,,,,,,,iPhone 13 Pro,,,pink,,,,,"",0.0,shopify,0,continue,manual,2199.00,2999.00,true,true,"",,,,,,,,,,,,,,,,,,,,,,,,,,,,,,,,,g,,,,,,,,,
flex-pearl-diamond-case-for-iphone-models-1,,,,,,,,,iPhone 13,,,silver,,,,,"",0.0,shopify,0,continue,manual,1699.00,2999.00,true,true,,,,,,,,,,,,,,,,,,,,,,,,,,,,,,,,,,g,,,,,,,,,
flex-pearl-diamond-case-for-iphone-models-1,,,,,,,,,iPhone 13,,,pink,,,,,"",0.0,shopify,0,continue,manual,2199.00,2999.00,true,true,"",,,,,,,,,,,,,,,,,,,,,,,,,,,,,,,,,g,,,,,,,,,
flex-pearl-diamond-case-for-iphone-models-1,,,,,,,,,iPhone 12 Pro Max,,,silver,,,,,"",0.0,shopify,-1,continue,manual,1699.00,2999.00,true,true,,,,,,,,,,,,,,,,,,,,,,,,,,,,,,,,,,g,,,,,,,,,
flex-pearl-diamond-case-for-iphone-models-1,,,,,,,,,iPhone 12 Pro Max,,,pink,,,,,"",0.0,shopify,0,continue,manual,2199.00,2999.00,true,true,"",,,,,,,,,,,,,,,,,,,,,,,,,,,,,,,,,g,,,,,,,,,
flex-pearl-diamond-case-for-iphone-models-1,,,,,,,,,iPhone 12 / 12 Pro,,,silver,,,,,"",0.0,shopify,-2,continue,manual,1699.00,2999.00,true,true,,,,,,,,,,,,,,,,,,,,,,,,,,,,,,,,,,g,,,,,,,,,
flex-pearl-diamond-case-for-iphone-models-1,,,,,,,,,iPhone 12 / 12 Pro,,,pink,,,,,"",0.0,shopify,0,continue,manual,2199.00,2999.00,true,true,"",,,,,,,,,,,,,,,,,,,,,,,,,,,,,,,,,g,,,,,,,,,
flex-pearl-diamond-case-for-iphone-models-1,,,,,,,,,iPhone 11 Pro Max,,,silver,,,,,"",0.0,shopify,-1,continue,manual,1699.00,2999.00,true,true,,,,,,,,,,,,,,,,,,,,,,,,,,,,,,,,,,g,,,,,,,,,
flex-pearl-diamond-case-for-iphone-models-1,,,,,,,,,iPhone 11 Pro Max,,,pink,,,,,"",0.0,shopify,0,continue,manual,2199.00,2999.00,true,true,"",,,,,,,,,,,,,,,,,,,,,,,,,,,,,,,,,g,,,,,,,,,
flex-pearl-diamond-case-for-iphone-models-1,,,,,,,,,iPhone 11 Pro,,,silver,,,,,"",0.0,shopify,0,continue,manual,1699.00,2999.00,true,true,,,,,,,,,,,,,,,,,,,,,,,,,,,,,,,,,,g,,,,,,,,,
flex-pearl-diamond-case-for-iphone-models-1,,,,,,,,,iPhone 11 Pro,,,pink,,,,,"",0.0,shopify,0,continue,manual,2199.00,2999.00,true,true,"",,,,,,,,,,,,,,,,,,,,,,,,,,,,,,,,,g,,,,,,,,,
flex-pearl-diamond-case-for-iphone-models-1,,,,,,,,,iPhone 11,,,silver,,,,,"",0.0,shopify,-1,continue,manual,1699.00,2999.00,true,true,,,,,,,,,,,,,,,,,,,,,,,,,,,,,,,,,,g,,,,,,,,,
flex-pearl-diamond-case-for-iphone-models-1,,,,,,,,,iPhone 11,,,pink,,,,,"",0.0,shopify,0,continue,manual,2199.00,2999.00,true,true,"",,,,,,,,,,,,,,,,,,,,,,,,,,,,,,,,,g,,,,,,,,,
flex-fusion-wave-carbon-case-for-iphone-models,Flex Fusion Wave Carbon Case for iPhone,"<p>The Fusion Wave Carbon Case for iPhone models offers a blend of style and protection with the following key features:</p>
<ul>
<li>
<p><strong>Premium Carbon Fiber Construction</strong>: Provides superior resistance to scratches, impacts, and daily wear, ensuring your phone remains pristine.</p>
</li>
<li>
<strong>Timeless Fusion Design</strong>: Combines classic carbon aesthetics with modern durability, featuring an intricate pattern and sleek finish that adds a touch of sophistication.</li>
<li>
<strong>Precision Fit</strong>: Precisely cut to allow easy access to all buttons, ports, and cameras, preserving full device functionality without compromising protection.<br><br>These features make the Fusion Wave Carbon Case a stylish and durable choice for safeguarding your iPhone.<br>
</li>
</ul>",Flex Shop,Electronics > Communications > Telephony > Mobile & Smart Phone Accessories > Mobile Phone Cases,Mobile Cover,"",true,Models,iPhone 16 Pro Max,,,,,,,,"",0.0,shopify,0,continue,manual,2695.00,3195.00,true,true,"",https://cdn.shopify.com/s/files/1/0342/2027/7897/files/WhatsAppImage2025-01-29at1.26.41AM.jpg?v=1739010262,1,"",false,,,2353,,,,,,,,,,,,,,,,,carbon-fiber,back-cover,,snug-fit,,,,,,g,,,true,,,true,,,active
flex-fusion-wave-carbon-case-for-iphone-models,,,,,,,,,iPhone 16 Pro,,,,,,,,"",0.0,shopify,0,continue,manual,2695.00,3195.00,true,true,"",https://cdn.shopify.com/s/files/1/0342/2027/7897/files/9_26a12299-d3a5-43ce-a194-c2cefb9f6470.webp?v=1739010262,2,"",,,,,,,,,,,,,,,,,,,,,,,,,,,,,,g,,,,,,,,,
flex-fusion-wave-carbon-case-for-iphone-models,,,,,,,,,iPhone 16,,,,,,,,"",0.0,shopify,0,continue,manual,2695.00,3195.00,true,true,"",https://cdn.shopify.com/s/files/1/0342/2027/7897/files/7_3e2fabce-f60f-4d1b-b01a-e0410955f5cd.webp?v=1739010262,3,"",,,,,,,,,,,,,,,,,,,,,,,,,,,,,,g,,,,,,,,,
flex-fusion-wave-carbon-case-for-iphone-models,,,,,,,,,iPhone 15 Pro Max,,,,,,,,"",0.0,shopify,-2,continue,manual,2295.00,3195.00,true,true,"",https://cdn.shopify.com/s/files/1/0342/2027/7897/files/1_4505b6f7-2269-44d8-aad4-f327e6a5caae.webp?v=1739010262,4,"",,,,,,,,,,,,,,,,,,,,,,,,,,,,,,g,,,,,,,,,
flex-fusion-wave-carbon-case-for-iphone-models,,,,,,,,,iPhone 15 Pro,,,,,,,,"",0.0,shopify,-1,continue,manual,2295.00,3195.00,true,true,"",https://cdn.shopify.com/s/files/1/0342/2027/7897/files/2_71a290a7-3a3d-48c2-b2fc-6447e3d8bf0a.webp?v=1739010262,5,"",,,,,,,,,,,,,,,,,,,,,,,,,,,,,,g,,,,,,,,,
flex-fusion-wave-carbon-case-for-iphone-models,,,,,,,,,iPhone 15,,,,,,,,"",0.0,shopify,0,continue,manual,2295.00,3195.00,true,true,"",https://cdn.shopify.com/s/files/1/0342/2027/7897/files/sg-11134201-7rd70-lwzg9yhx1ebu6a.jpg?v=1739010262,6,"",,,,,,,,,,,,,,,,,,,,,,,,,,,,,,g,,,,,,,,,
flex-fusion-wave-carbon-case-for-iphone-models,,,,,,,,,iPhone 14 Pro Max,,,,,,,,"",0.0,shopify,-1,continue,manual,2295.00,3195.00,true,true,"",,,,,,,,,,,,,,,,,,,,,,,,,,,,,,,,,g,,,,,,,,,
flex-fusion-wave-carbon-case-for-iphone-models,,,,,,,,,iPhone 14 Pro,,,,,,,,"",0.0,shopify,0,continue,manual,2295.00,3195.00,true,true,"",,,,,,,,,,,,,,,,,,,,,,,,,,,,,,,,,g,,,,,,,,,
flex-fusion-wave-carbon-case-for-iphone-models,,,,,,,,,iPhone 14,,,,,,,,"",0.0,shopify,0,continue,manual,2295.00,3195.00,true,true,"",,,,,,,,,,,,,,,,,,,,,,,,,,,,,,,,,g,,,,,,,,,
flex-fusion-wave-carbon-case-for-iphone-models,,,,,,,,,iPhone 13 Pro Max,,,,,,,,"",0.0,shopify,0,continue,manual,2295.00,3195.00,true,true,"",,,,,,,,,,,,,,,,,,,,,,,,,,,,,,,,,g,,,,,,,,,
flex-fusion-wave-carbon-case-for-iphone-models,,,,,,,,,iPhone 13 Pro,,,,,,,,"",0.0,shopify,0,continue,manual,2295.00,3195.00,true,true,"",,,,,,,,,,,,,,,,,,,,,,,,,,,,,,,,,g,,,,,,,,,
flex-fusion-wave-carbon-case-for-iphone-models,,,,,,,,,iPhone 13,,,,,,,,"",0.0,shopify,0,continue,manual,2295.00,3195.00,true,true,"",,,,,,,,,,,,,,,,,,,,,,,,,,,,,,,,,g,,,,,,,,,
flex-fusion-wave-carbon-case-for-iphone-models,,,,,,,,,iPhone 12 Pro Max,,,,,,,,"",0.0,shopify,0,continue,manual,2295.00,3195.00,true,true,"",,,,,,,,,,,,,,,,,,,,,,,,,,,,,,,,,g,,,,,,,,,
flex-fusion-wave-carbon-case-for-iphone-models,,,,,,,,,iPhone 12 / 12 Pro,,,,,,,,"",0.0,shopify,0,continue,manual,2295.00,3195.00,true,true,"",,,,,,,,,,,,,,,,,,,,,,,,,,,,,,,,,g,,,,,,,,,
flex-fusion-wave-carbon-case-for-iphone-models,,,,,,,,,iPhone 11 Pro Max,,,,,,,,"",0.0,shopify,0,continue,manual,2295.00,3195.00,true,true,"",,,,,,,,,,,,,,,,,,,,,,,,,,,,,,,,,g,,,,,,,,,
flex-fusion-wave-carbon-case-for-iphone-models,,,,,,,,,iPhone 11 Pro,,,,,,,,"",0.0,shopify,0,continue,manual,2295.00,3195.00,true,true,"",,,,,,,,,,,,,,,,,,,,,,,,,,,,,,,,,g,,,,,,,,,
flex-fusion-wave-carbon-case-for-iphone-models,,,,,,,,,iPhone 11,,,,,,,,"",0.0,shopify,0,continue,manual,2295.00,3195.00,true,true,"",,,,,,,,,,,,,,,,,,,,,,,,,,,,,,,,,g,,,,,,,,,
flex-learther-side-cut-with-magsafe-for-iphone,Flex Learther Side Cut With Magsafe for iPhone,"<h3><strong>Premium Leather Build</strong></h3>
<ul>
<li>Made from high-quality genuine or vegan leather for a premium look and feel.</li>
<li>Develops a unique patina over time for a distinctive appearance.</li>
</ul>
<h3><strong>Side Cut Design</strong></h3>
<ul>
<li>Open side cut for easy access to buttons and ports.</li>
<li>Enhances grip and improves usability.</li>
</ul>
<h3><strong>MagSafe Compatibility</strong></h3>
<ul>
<li>Built-in MagSafe magnets for secure attachment to MagSafe chargers and accessories.</li>
<li>Ensures fast and efficient wireless charging without removing the case.</li>
</ul>
<h3><strong>Slim &amp; Lightweight</strong></h3>
<ul>
<li>Minimalist design that adds protection without extra bulk.</li>
<li>Perfect fit for your iPhone, maintaining its sleek profile.</li>
</ul>
<h3><strong>Enhanced Protection</strong></h3>
<ul>
<li>Soft microfiber lining inside to prevent scratches.</li>
<li>Raised edges to protect the screen and camera from direct impact.</li>
</ul>
<h3><strong>Precision Fit</strong></h3>
<ul>
<li>Designed to fit snugly around the iPhone for a seamless look.</li>
<li>Precise cutouts for speakers, charging port, and camera.</li>
</ul>",Flex Shop,Electronics > Communications > Telephony > Mobile & Smart Phone Accessories > Mobile Phone Cases,Mobile Cover,"",true,Models,iPhone 12 Pro Max,,Color,brown,product.metafields.shopify.color-pattern,,,,"",0.0,shopify,0,continue,manual,1999.00,2899.00,true,true,"",https://cdn.shopify.com/s/files/1/0342/2027/7897/files/iPhone-16-pro-199Kart.6.webp?v=1739180652,1,"",false,,,2353,,,,,,,,,,,,,,,,,leather,holder,brown; black; gray; purple; blue,snug-fit,,,,,https://cdn.shopify.com/s/files/1/0342/2027/7897/files/WhatsApp-Image-2024-12-30-at-10.03.44-PM.jpg?v=1739180652,g,,,true,,,true,,,active
flex-learther-side-cut-with-magsafe-for-iphone,,,,,,,,,iPhone 12 Pro Max,,,black,,,,,"",0.0,shopify,0,continue,manual,1999.00,2899.00,true,true,"",https://cdn.shopify.com/s/files/1/0342/2027/7897/files/WhatsApp-Image-2024-12-30-at-10.03.45-PM.jpg?v=1739180652,2,"",,,,,,,,,,,,,,,,,,,,,,,,,,,,,https://cdn.shopify.com/s/files/1/0342/2027/7897/files/iPhone-16-pro-199Kart.12.jpg?v=1739180652,g,,,,,,,,,
flex-learther-side-cut-with-magsafe-for-iphone,,,,,,,,,iPhone 12 Pro Max,,,gray,,,,,"",0.0,shopify,0,continue,manual,1999.00,2899.00,true,true,"",https://cdn.shopify.com/s/files/1/0342/2027/7897/files/WhatsApp-Image-2024-12-30-at-8.33.11-PM.jpg?v=1739180652,3,"",,,,,,,,,,,,,,,,,,,,,,,,,,,,,https://cdn.shopify.com/s/files/1/0342/2027/7897/files/iPhone-16-pro-199Kart.11.jpg?v=1739180652,g,,,,,,,,,
flex-learther-side-cut-with-magsafe-for-iphone,,,,,,,,,iPhone 12 Pro Max,,,blue,,,,,"",0.0,shopify,0,continue,manual,1999.00,2899.00,true,true,"",https://cdn.shopify.com/s/files/1/0342/2027/7897/files/WhatsApp-Image-2024-12-30-at-10.03.44-PM-1.jpg?v=1739180652,4,"",,,,,,,,,,,,,,,,,,,,,,,,,,,,,,g,,,,,,,,,
flex-learther-side-cut-with-magsafe-for-iphone,,,,,,,,,iPhone 13 Pro Max,,,brown,,,,,"",0.0,shopify,0,continue,manual,1999.00,2899.00,true,true,"",https://cdn.shopify.com/s/files/1/0342/2027/7897/files/WhatsApp-Image-2024-12-30-at-10.03.45-PM-1.jpg?v=1739180652,5,"",,,,,,,,,,,,,,,,,,,,,,,,,,,,,https://cdn.shopify.com/s/files/1/0342/2027/7897/files/WhatsApp-Image-2024-12-30-at-10.03.44-PM.jpg?v=1739180652,g,,,,,,,,,
flex-learther-side-cut-with-magsafe-for-iphone,,,,,,,,,iPhone 13 Pro Max,,,black,,,,,"",0.0,shopify,0,continue,manual,1999.00,2899.00,true,true,"",https://cdn.shopify.com/s/files/1/0342/2027/7897/files/WhatsApp-Image-2024-12-30-at-10.03.46-PM.jpg?v=1739180652,6,"",,,,,,,,,,,,,,,,,,,,,,,,,,,,,https://cdn.shopify.com/s/files/1/0342/2027/7897/files/iPhone-16-pro-199Kart.12.jpg?v=1739180652,g,,,,,,,,,
flex-learther-side-cut-with-magsafe-for-iphone,,,,,,,,,iPhone 13 Pro Max,,,gray,,,,,"",0.0,shopify,0,continue,manual,1999.00,2899.00,true,true,"",https://cdn.shopify.com/s/files/1/0342/2027/7897/files/WhatsApp-Image-2024-12-30-at-10.03.44-PM.jpg?v=1739180652,7,"",,,,,,,,,,,,,,,,,,,,,,,,,,,,,https://cdn.shopify.com/s/files/1/0342/2027/7897/files/iPhone-16-pro-199Kart.11.jpg?v=1739180652,g,,,,,,,,,
flex-learther-side-cut-with-magsafe-for-iphone,,,,,,,,,iPhone 14 Pro Max,,,brown,,,,,"",0.0,shopify,0,continue,manual,1999.00,2899.00,true,true,"",https://cdn.shopify.com/s/files/1/0342/2027/7897/files/iPhone-16-pro-199Kart.11.jpg?v=1739180652,8,"",,,,,,,,,,,,,,,,,,,,,,,,,,,,,https://cdn.shopify.com/s/files/1/0342/2027/7897/files/WhatsApp-Image-2024-12-30-at-10.03.44-PM.jpg?v=1739180652,g,,,,,,,,,
flex-learther-side-cut-with-magsafe-for-iphone,,,,,,,,,iPhone 14 Pro Max,,,black,,,,,"",0.0,shopify,0,continue,manual,1999.00,2899.00,true,true,"",https://cdn.shopify.com/s/files/1/0342/2027/7897/files/iPhone-16-pro-199Kart.2_4d041f22-05a2-4993-996c-0b01a3a0277b.jpg?v=1739180652,9,"",,,,,,,,,,,,,,,,,,,,,,,,,,,,,https://cdn.shopify.com/s/files/1/0342/2027/7897/files/iPhone-16-pro-199Kart.12.jpg?v=1739180652,g,,,,,,,,,
flex-learther-side-cut-with-magsafe-for-iphone,,,,,,,,,iPhone 14 Pro Max,,,gray,,,,,"",0.0,shopify,0,continue,manual,1999.00,2899.00,true,true,"",https://cdn.shopify.com/s/files/1/0342/2027/7897/files/iPhone-16-pro-199Kart.12.jpg?v=1739180652,10,"",,,,,,,,,,,,,,,,,,,,,,,,,,,,,https://cdn.shopify.com/s/files/1/0342/2027/7897/files/iPhone-16-pro-199Kart.11.jpg?v=1739180652,g,,,,,,,,,
flex-learther-side-cut-with-magsafe-for-iphone,,,,,,,,,iPhone 14 Pro Max,,,purple,,,,,"",0.0,shopify,0,continue,manual,1999.00,2899.00,true,true,"",https://cdn.shopify.com/s/files/1/0342/2027/7897/files/iPhone-16-pro-199Kart.3.webp?v=1739180652,11,"",,,,,,,,,,,,,,,,,,,,,,,,,,,,,,g,,,,,,,,,
flex-learther-side-cut-with-magsafe-for-iphone,,,,,,,,,iPhone 15 Pro,,,brown,,,,,"",0.0,shopify,0,continue,manual,1999.00,2899.00,true,true,"",,,,,,,,,,,,,,,,,,,,,,,,,,,,,,,,https://cdn.shopify.com/s/files/1/0342/2027/7897/files/WhatsApp-Image-2024-12-30-at-10.03.44-PM.jpg?v=1739180652,g,,,,,,,,,
flex-learther-side-cut-with-magsafe-for-iphone,,,,,,,,,iPhone 15 Pro,,,black,,,,,"",0.0,shopify,0,continue,manual,1999.00,2899.00,true,true,"",,,,,,,,,,,,,,,,,,,,,,,,,,,,,,,,https://cdn.shopify.com/s/files/1/0342/2027/7897/files/iPhone-16-pro-199Kart.12.jpg?v=1739180652,g,,,,,,,,,
flex-learther-side-cut-with-magsafe-for-iphone,,,,,,,,,iPhone 15 Pro,,,gray,,,,,"",0.0,shopify,0,continue,manual,1999.00,2899.00,true,true,"",,,,,,,,,,,,,,,,,,,,,,,,,,,,,,,,https://cdn.shopify.com/s/files/1/0342/2027/7897/files/iPhone-16-pro-199Kart.11.jpg?v=1739180652,g,,,,,,,,,
flex-learther-side-cut-with-magsafe-for-iphone,,,,,,,,,iPhone 15 Pro,,,blue,,,,,"",0.0,shopify,0,continue,manual,1999.00,2899.00,true,true,"",,,,,,,,,,,,,,,,,,,,,,,,,,,,,,,,,g,,,,,,,,,
flex-learther-side-cut-with-magsafe-for-iphone,,,,,,,,,iPhone 15 Pro Max,,,brown,,,,,"",0.0,shopify,0,continue,manual,1999.00,2899.00,true,true,"",,,,,,,,,,,,,,,,,,,,,,,,,,,,,,,,https://cdn.shopify.com/s/files/1/0342/2027/7897/files/WhatsApp-Image-2024-12-30-at-10.03.44-PM.jpg?v=1739180652,g,,,,,,,,,
flex-learther-side-cut-with-magsafe-for-iphone,,,,,,,,,iPhone 15 Pro Max,,,black,,,,,"",0.0,shopify,0,continue,manual,1999.00,2899.00,true,true,"",,,,,,,,,,,,,,,,,,,,,,,,,,,,,,,,https://cdn.shopify.com/s/files/1/0342/2027/7897/files/iPhone-16-pro-199Kart.12.jpg?v=1739180652,g,,,,,,,,,
flex-learther-side-cut-with-magsafe-for-iphone,,,,,,,,,iPhone 15 Pro Max,,,gray,,,,,"",0.0,shopify,0,continue,manual,1999.00,2899.00,true,true,"",,,,,,,,,,,,,,,,,,,,,,,,,,,,,,,,https://cdn.shopify.com/s/files/1/0342/2027/7897/files/iPhone-16-pro-199Kart.11.jpg?v=1739180652,g,,,,,,,,,
flex-learther-side-cut-with-magsafe-for-iphone,,,,,,,,,iPhone 15 Pro Max,,,blue,,,,,"",0.0,shopify,0,continue,manual,1999.00,2899.00,true,true,"",,,,,,,,,,,,,,,,,,,,,,,,,,,,,,,,,g,,,,,,,,,
flex-learther-side-cut-with-magsafe-for-iphone,,,,,,,,,iPhone 16 Pro,,,brown,,,,,"",0.0,shopify,0,continue,manual,2499.00,2899.00,true,true,"",,,,,,,,,,,,,,,,,,,,,,,,,,,,,,,,https://cdn.shopify.com/s/files/1/0342/2027/7897/files/WhatsApp-Image-2024-12-30-at-10.03.44-PM.jpg?v=1739180652,g,,,,,,,,,
flex-learther-side-cut-with-magsafe-for-iphone,,,,,,,,,iPhone 16 Pro,,,black,,,,,"",0.0,shopify,0,continue,manual,2499.00,2899.00,true,true,"",,,,,,,,,,,,,,,,,,,,,,,,,,,,,,,,https://cdn.shopify.com/s/files/1/0342/2027/7897/files/iPhone-16-pro-199Kart.12.jpg?v=1739180652,g,,,,,,,,,
flex-learther-side-cut-with-magsafe-for-iphone,,,,,,,,,iPhone 16 Pro,,,gray,,,,,"",0.0,shopify,0,continue,manual,2499.00,2899.00,true,true,"",,,,,,,,,,,,,,,,,,,,,,,,,,,,,,,,https://cdn.shopify.com/s/files/1/0342/2027/7897/files/iPhone-16-pro-199Kart.11.jpg?v=1739180652,g,,,,,,,,,
flex-learther-side-cut-with-magsafe-for-iphone,,,,,,,,,iPhone 16 Pro Max,,,brown,,,,,"",0.0,shopify,-1,continue,manual,2499.00,2899.00,true,true,"",,,,,,,,,,,,,,,,,,,,,,,,,,,,,,,,https://cdn.shopify.com/s/files/1/0342/2027/7897/files/WhatsApp-Image-2024-12-30-at-10.03.44-PM.jpg?v=1739180652,g,,,,,,,,,
flex-learther-side-cut-with-magsafe-for-iphone,,,,,,,,,iPhone 16 Pro Max,,,black,,,,,"",0.0,shopify,0,continue,manual,2499.00,2899.00,true,true,"",,,,,,,,,,,,,,,,,,,,,,,,,,,,,,,,https://cdn.shopify.com/s/files/1/0342/2027/7897/files/iPhone-16-pro-199Kart.12.jpg?v=1739180652,g,,,,,,,,,
flex-learther-side-cut-with-magsafe-for-iphone,,,,,,,,,iPhone 16 Pro Max,,,gray,,,,,"",0.0,shopify,0,continue,manual,2499.00,2899.00,true,true,"",,,,,,,,,,,,,,,,,,,,,,,,,,,,,,,,https://cdn.shopify.com/s/files/1/0342/2027/7897/files/iPhone-16-pro-199Kart.11.jpg?v=1739180652,g,,,,,,,,,
